"id","accident_situation","base_fault_explanation","case_code","legal_reference","modifier_explanation","precedent","usage_note"
1,"⊙신호기가 있는 횡단보도에서 녹색신호에 교차로를 통과한 차량(직진, 좌회전, 우회전 규제를 받는 우회전)이 보행자신호등 적색신호에 횡단보도를 건너고 있던 보행자를 보행자신호등 적색신호가 여전히 켜져 있는 상황에서 충격한 사고이다.","⊙도로교통법 제5조에 따라 보행자나 차마는 신호기의 신호에 따라야 할 의무가 있으므로 이를 위반하여 보행자신호등 적색신호에 횡단을 개시한 보행자에게 일방적으로 과실을 물어야 할 것이나, 보행자가 상대적 교통약자인 점, 차량은 도로교통법 제27조 제1항에 따른 일시 정지 의무가 있는 점을 고려하여 보행자의 기본 과실비율을 70%로 정하였다. 제2장. 자동차와 자동차(이륜차 포함)의 사고 제3장. 자동차와 자전거(농기계 포함)의 사고 목차","보1","NaN","NaN","NaN","NaN"
2,"⊙신호기가 있는 횡단보도에서 황색신호에 교차로를 통과한 차량(직진, 좌회전, 우회전 규제를 받는 우회전)이 보행자신호등 적색신호에 횡단보도를 건너고 있던 보행자를 보행신호등 적색신호가 여전히 켜져 있는 상황에서 충격한 사고이다.","⊙차량이 황색신호에 진입한 경우 신호를 위반한 것이므로 보1 기준보다 보행자의 과실을 낮추어 보행자의 기본 과실비율을 50%로 정하였다.","보2","NaN","① 야간 또는 주·정차된 차량 사이에서 보행자가 걸어 나오는 등 운전자가 보행자의 횡단을 예상하기 어려운 경우 보행자의 과실을 5%까지 가산할 수 있다. ② 간선도로인 경우 보행자의 횡단을 예견하기 어려우므로 보행자의 과실을 5%까지 가산할 수 있다. 제2장. 자동차와 자동차(이륜차 포함)의 사고 제3장. 자동차와 자전거(농기계 포함)의 사고 목차","NaN","NaN"
3,"NaN","NaN","보3","NaN","NaN","NaN","NaN"
4,"NaN","NaN","보4","NaN","NaN","NaN","NaN"
5,"NaN","NaN","보5","NaN","NaN","NaN","NaN"
6,"NaN","NaN","보6","NaN","NaN","NaN","NaN"
7,"⊙신호기가 있는 횡단보도에서 적색신호에 교차로를 통과한 차량(직진, 좌회전, 우회전 규제를 받는 우회전 차량)이 보행자신호등 녹색점멸신호에 횡단보도를 건너고 있던 보행자를 보행자신호등 적색신호로 바뀐 상황에서 충격한 사고이다.","⊙차량이 신호를 위반한 사고이나, 보행자가 보행자신호 녹색점멸신호에 횡단을 개시하였고 보행자신호 적색신호에 충돌하였다는 점을 감안하여 보행자의 기본 과실비율을 20%로 정하였다.","보7","⊙도로교통법 제5조(신호 또는 지시에 따를 의무) ① 도로를 통행하는 보행자, 차마 또는 노면전차의 운전자는 교통안전시설이 표시하는 신호 또는 지시와 다음 각 호의 어느 하나에 해당하는 사람이 하는 신호 또는 지시를 따라야 한다. 제2장. 자동차와 자동차(이륜차 포함)의 사고 제3장. 자동차와 자전거(농기계 포함)의 사고 목차","NaN","NaN","NaN"
8,"NaN","NaN","보8","NaN","NaN","NaN","NaN"
9,"NaN","NaN","보9","NaN","NaN","NaN","NaN"
10,"NaN","NaN","보10","NaN","NaN","NaN","NaN"
11,"NaN","NaN","보11","NaN","NaN","NaN","NaN"
12,"⊙신호기가 있는 횡단보도를 통과하여 교차로에 진입하려는 차량이 보행자신호등 녹색점멸 신호에 횡단보도를 건너고 있던 보행자를 보행자신호등 녹색점멸 신호가 여전히 켜져 있는 상황에서 충격한 사고이다.","⊙보행자신호가 녹색점멸신호인 경우 차량신호등은 적색신호이므로 신호를 위반한 차량의 일방과실이어야 하나, 도로교통법 시행규칙 [별표2]에 따라 보행자도 녹색점멸시 신속하게 횡단하거나 되돌아와야 할 의무가 있으므로 보행자의 기본 과실비율을 5%로 정하였다.","보12","⊙도로교통법 제5조(신호 또는 지시에 따를 의무) ① 도로를 통행하는 보행자, 차마 또는 노면전차의 운전자는 교통안전시설이 표시하는 신호 또는 지시와 다음 각 호의 어느 하나에 해당하는 사람이 하는 신호 또는 지시를 따라야 한다. 제2장. 자동차와 자동차(이륜차 포함)의 사고 제3장. 자동차와 자전거(농기계 포함)의 사고 목차","NaN","NaN","NaN"
13,"⊙신호기가 없는 횡단보도에서 횡단보도를 통과하려는 차량이 횡단보도를 건너고 있던 보행 자를 충격한 사고이다. 신호기가 없는 횡단보도상의 사고에는 단일로(직선로, 곡선로)뿐만 아니라, 교차로 부근의 횡단보도상 사고도 포함한다. ⊙사고도로에 보차도 구분이나 중앙선 설치 여부에 관계 없이 본 기준을 참고적용한다.","⊙도로교통법 제27조 제1항에 따라 차량은 횡단보도를 건너는 보행자의 통행을 방해하여서 는 아니 되므로 이러한 의무를 위반한 차량의 일방과실로 정하였다.","보13","NaN","① 사고가 야간에 발생하였거나 차량에게 기타 시야장애가 있었던 경우 또는 사고 발생지가 간선 도로인 경우에는 차량의 주의의무가 경감되므로 보행자의 과실을 15%까지 가산할 수 있다. 제2장. 자동차와 자동차(이륜차 포함)의 사고 제3장. 자동차와 자전거(농기계 포함)의 사고 목차","NaN","NaN"
14,"⊙신호기가 있는 교차로에서 적색신호에 교차로 및 횡단보도를 직진 또는 좌회전으로 통과한 차량이 신호기가 있는 횡단보도 부근을 건너고 있던 보행자를 충격한 사고이다. 보행자 신호가 녹색점멸인 경우에는 녹색신호와 동일하게 적용한다.","⊙횡단보도를 지나서 보행자를 충격하였더라도 횡단보도의 신호가 녹색일 때 차량은 횡단보도 신호를 위반한 것이므로 차량의 과실이 크지만 보행자도 차도를 횡단한 것이므로 보행자의 기본 과실비율을 10%로 정하였다. ⊙횡단보도 신호가 적색일 때에는 양쪽 모두 신호를 위반한 것이고 차량의 신호위반 과실이 더 중하다는 점을 감안하여 보행자의 기본 과실비율을 40%로 정하였다. 제2장. 자동차와 자동차(이륜차 포함)의 사고 제3장. 자동차와 자전거(농기계 포함)의 사고 목차","보14","NaN","NaN","NaN","NaN"
15,"NaN","NaN","보15","NaN","NaN","NaN","NaN"
16,"NaN","NaN","보16","NaN","NaN","NaN","NaN"
17,"NaN","NaN","보17","NaN","NaN","NaN","NaN"
18,"NaN","NaN","보18","NaN","NaN","NaN","NaN"
19,"⊙신호기가 있는 횡단보도 부근에서 횡단보도를 통과하려는 차량이 횡단보도 부근을 건너고 있던 보행자를 충격한 사고이다.","⊙교차로 통과 전의 사고이므로 차량의 신호는 고려대상이 아니고, 보행자신호가 녹색이 지만 보행자가 차량의 진행방향 쪽에서 횡단보도를 벗어나 횡단을 개시한 점을 고려하여 보14~보17 기준 녹색횡단 보행자 과실 10%와는 달리 보행자의 기본 과실비율을 20%로 정하였다. ⊙다만, 보행자신호 적색에 횡단을 하였다면 보행자의 과실이 중하므로 보행자의 기본 과실 비율을 50%로 정한다. 제2장. 자동차와 자동차(이륜차 포함)의 사고 제3장. 자동차와 자전거(농기계 포함)의 사고 목차","보19","NaN","NaN","NaN","NaN"
20,"NaN","NaN","보20","NaN","NaN","NaN","NaN"
21,"NaN","NaN","보21","NaN","NaN","NaN","NaN"
22,"⊙신호등이 없는 교차로에서 진행(직진, 우회전, 좌회전 포함) 중인 차량이 교차로 내부나 그 부근의 도로를 횡단하는 보행자를 충격한 사고이다. ⊙사고도로에 보·차도 구분이나 중앙선 설치 여부에 관계없이 본 기준을 적용한다.","⊙도로교통법 제27조 제3항에 따라 차량은 신호등이 없는 교차로나 그 부근의 도로를 횡단 하는 보행자를 보호할 의무가 있으며, ⊙보행자가 횡단한 도로 폭과 차량이 통과하는 도로 폭을 감안하여 보행자가 횡단하는 도로 폭이 클수록 주의의무가 크므로 도로 폭이 좁을 때는 10%, 넓을 때는 30%, 차량이 통과하는 도로 폭과 같을 때는 20%를 각각 보행자의 기본 과실비율로 정하였다. 제2장. 자동차와 자동차(이륜차 포함)의 사고 제3장. 자동차와 자전거(농기계 포함)의 사고 목차","보22","NaN","NaN","NaN","NaN"
23,"⊙차량이 통상의 단일로(직선로 또는 곡선로)에서 도로를 횡단하고 있던 보행자를 충격한 사고이다.","⊙보행자가 도로를 횡단할 때 부주의한 과실이 있지만, 차량은 도로교통법 제27조 제5항에 따라 보행자가 횡단보도가 설치되어 있지 않은 도로를 안전하게 횡단할 수 있도록 주의 하여야 하므로 보행자의 기본 과실비율을 20%로 정하였다.","보23","NaN","① 간선도로의 경우에는 운전자에게 보행자횡단의 예견가능성이 적으므로 보행자의 과실을 10%까지 가산할 수 있다. ② 보·차도의 구분이 있고 표지 등에 의해 횡단금지라는 것을 쉽게 인식할 수 있는 것을 전제로 보행자의 과실을 가산하며, 횡단을 금지하는 안전표지만 있는 경우에는 10%까지, 가드레일 이나 펜스 등의 횡단금지시설이 설치되어 있는 경우에는 20%까지 가산할 수 있다. 다만, 제2장. 자동차와 자동차(이륜차 포함)의 사고 제3장. 자동차와 자전거(농기계 포함)의 사고 목차","NaN","NaN"
24,"NaN","NaN","보24","NaN","NaN","NaN","NaN"
25,"NaN","NaN","보25","NaN","NaN","NaN","NaN"
26,"⊙보24 보도와 차도의 구분이 있는 도로에서 차도를 진행하는 차량이 “차도가 아닌 장소”로 진출 또는 “차도가 아닌 장소”에서 차도로 진입하다가 보도 위를 걷고 있는 보행자를 충격한 사고이다. ⊙보25 보도와 차도의 구분이 있는 도로에서 차도를 진행하는 차량이 도로공사 등 부득이한 사유로 도로교통법 제8조 제1항에 따라 차도를 통행하는 보행자를 충격한 사고이다. ⊙보26 보도와 차도의 구분이 있는 도로에서 차도를 진행하거나 “차도가 아닌 장소”로 진출 하는 차량이 도로교통법 제8조 제1항 상의 부득이한 사유가 없음에도 차도측단 또는 차도 측단 이외의 차도를 통행하는 보행자를 충격한 사고이다. 여기서 차도측단이란 보·차도 경계선으로부터 1ｍ 이내의 거리에 있는 차도의 부분을 말한다.","⊙보24 차량이 도로교통법 제8조 제1항에 따라 정상적으로 보도를 통행하고 있는 보행자를 충돌한 사고이므로 차량의 일방과실로 정하였다. 제2장. 자동차와 자동차(이륜차 포함)의 사고 제3장. 자동차와 자전거(농기계 포함)의 사고 목차","보26","NaN","NaN","NaN","NaN"
27,"NaN","NaN","보28","NaN","NaN","NaN","NaN"
28,"⊙도로교통법 제68조 제3항 제1호 내지 제3호에 위반하여 도로에서 술에 취해 갈팡질팡 하는 행위, 교통에 방해되는 방법으로 눕거나 앉거나 서 있는 행위, 교통이 빈번한 도로 에서 놀이를 하는 행위를 하는 사람을 차량이 충격한 사고이다.","⊙도로에 누워 있는 자(음주자 및 노상유희자 포함)의 경우 주간과 야간을 구분할 필요없이 차량의 예견 및 회피가능성이 적어 보행자의 기본 과실비율을 40%로 정하였다.","보30","NaN","① 사고가 야간에 발생하였거나 차량에게 기타 시야장애가 있었던 경우 차량의 주의의무가 경감되므로 보행자의 과실을 20%까지 가산할 수 있다. ② 자동차가 주·정차 후 출발할 때에는 도로에 누워있는 자를 발견하기 용이하므로 보행자의 과실을 10%까지 감산할 수 있다. 제2장. 자동차와 자동차(이륜차 포함)의 사고 제3장. 자동차와 자전거(농기계 포함)의 사고 목차","NaN","NaN"
29,"NaN","NaN","보31","NaN","NaN","NaN","NaN"
30,"NaN","NaN","보32","NaN","NaN","NaN","NaN"
31,"⊙횡단보도에서 이륜차 운전자가 이륜차를 운전하여 횡단보도를 건너다가 횡단보도를 건너고 있던 보행자를 충격한 사고이다.","⊙도로교통법 제13조 제5항에 따라 이륜차는 횡단보도를 따라 진행할 수 없으므로 이륜차의 일방과실로 정하였다.","보33","NaN","① 이륜차와 보행자가 서로 반대편에서 횡단보도를 건너는 경우에는 보행자 역시 이륜차의 동태를 확인할 수 있으므로 보행자의 과실을 5%까지 가산할 수 있다. ② ‘이륜차의 현저한 과실’ 및 ‘이륜차의 중대한 과실’ 해당 여부는 이 장의 3. 수정요소 해설에 따르며, 경합시 후자를 적용하고 중복적용하지 아니한다. 제2장. 자동차와 자동차(이륜차 포함)의 사고 제3장. 자동차와 자전거(농기계 포함)의 사고 목차","NaN","NaN"
32,"⊙아파트 단지 내, 공장 등 산업단지 내 및 군부대 내 등 도로교통법 제2조 제1호 규정의 도로 외의 장소에서 진행하던 차량이 전방에서 횡단 중인 보행자를 충격한 사고이다.","⊙도로교통법 제27조 제6항에 따라 ‘도로 외의 곳’에서 운전자의 서행 및 일시정지의무가 있으므로, 이를 고려하여 보행자의 기본 과실비율을 0%로 정하였다.","보34","NaN","① 보행자가 인라인스케이트나 퀵보드 등을 착용한 상태로 도로 외 장소에서 차량의 전방을 횡단하는 경우에는 차량이 전방주시의무를 준수하더라도 보행자를 피하는데 어려움이 있으므로 이를 보행자의 중대한 과실로 보고 사고발생 경위 등을 감안하여 보행자의 과실을 10%~20%까지 가산할 수 있다. 제2장. 자동차와 자동차(이륜차 포함)의 사고 제3장. 자동차와 자전거(농기계 포함)의 사고 목차","NaN","NaN"
33,"NaN","NaN","보35","NaN","NaN","NaN","NaN"
34,"NaN","NaN","보36","NaN","NaN","NaN","NaN"
35,"⊙신호기에 의해 교통정리가 이루어지고 있는 교차로에서 서로 다른 도로를 이용하여 녹색 신호에 교차로에 진입하여 직진 중인 A차량과 적색신호에 교차로에 진입하여 직진 중인 B차량이 충돌한 사고이다. 제3장. 자동차와 자전거(농기계 포함)의 사고 제1장. 자동차와 보행자의 사고 목차","NaN","차1-1","NaN","NaN","NaN","NaN"
36,"⊙신호기에 의해 교통정리가 이루어지고 있는 교차로에서 서로 다른 방향을 이용하여 녹색 또는 황색신호에 교차로에 진입한 후 신호가 바뀔 때까지 아직 교차로를 벗어나지 못한 A차량과 녹색신호에 교차로에 진입하여 직진 중인 B차량이 충돌한 사고이다.","⊙(가) A차량이 녹색신호에 정상적으로 선진입하였고, 신호변경시까지 교차로를 미처 벗어 나지 못한 상황이므로, 교차로에 후진입하는 B차량은 이러한 상황을 충분히 인식할 수 있었다는 점을 감안하여 양 차량의 기본 과실비율을 30:70으로 정한다. ⊙(나) A차량이 황색신호에 진입하여 신호위반을 하였다는 점에서 과실이 매우 중하다고 할 것이지만, 교차로에 후진입하는 B차량 역시 전방 좌우에서 이미 교차로에 진입하여 진행 중인 차량이 있는지 여부를 살펴보고 그러한 차량이 있는 경우 그 동태를 살피면서 서행하는 제3장. 자동차와 자전거(농기계 포함)의 사고 제1장. 자동차와 보행자의 사고 목차","차1-2","NaN","NaN","NaN","NaN"
37,"⊙신호기에 의해 교통정리가 이루어지고 있는 교차로에서 서로 다른 방향을 이용하여 황색 신호에 교차로에 진입하여 직진 중인 A차량과 적색신호에 교차로에 진입하여 직진 중인 B차량이 충돌한 사고이다.","⊙양 차량 모두 신호위반에 해당하지만, 적색신호에 진입한 B차량의 과실이 더 중하므로 양 차량의 기본 과실비율을 30:70으로 정한다. 제3장. 자동차와 자전거(농기계 포함)의 사고 제1장. 자동차와 보행자의 사고 목차","차1-3","NaN","NaN","NaN","NaN"
38,"⊙신호기에 의해 교통정리가 이루어지고 있는 교차로에서 서로 다른 방향을 이용하여 적색 신호에 교차로에 진입하여 직진 중인 A차량과 적색신호에 교차로에 진입하여 직진 중인 B차량이 충돌한 사고이다.","⊙도로교통법 제5조에 따라 모든 차량은 신호를 준수하여야 하나, 양 차량 모두 적색신호에 교차로에 진입하여 신호위반을 하였으므로 양 차량의 기본 과실비율을 동등하게 50:50 으로 정한다.","차1-4","NaN","⊙제3편 제2장 3. 수정요소의 해설 부분을 참조한다. 제3장. 자동차와 자전거(농기계 포함)의 사고 제1장. 자동차와 보행자의 사고 목차","NaN","NaN"
39,"NaN","⊙도로교통법은 적색등화가 점멸하는 신호등이 설치된 도로에서 교차로에 진입하려는 차량은 교차로 진입 전 일시정지 한 후 다른 교통에 주의하여 진행할 수 있다고 규정하여 일시정지 및 진로양보의무를 규정하고 있고 황색등화가 점멸하는 신호등이 설치된 도로에서 진행하는 차량은 다른 교통 또는 안전표지의 표시에 주의하면서 진행할 수 있다고 규정하고 있다. 따라서 적색점멸신호 도로에서 직진하는 A차량은 교차로 진입 전 일시정지하여 교차로에 접근하고 있는 다른 차량에게 진로를 양보할 주의의무를 부담하므로 A차량의 주의의무 위반 정도를 보다 중대하게 평가하여 기본과실을 70:30으로 정하였다.","차1-5","NaN","⊙교차로에 명백히 선진입한 차량의 경우 과실을 감산할 수 있다. 제3장. 자동차와 자전거(농기계 포함)의 사고 제1장. 자동차와 보행자의 사고 목차","NaN","NaN"
40,"⊙신호기에 의해 교통정리가 이루어지고 있는 교차로에서 적색신호에 직진하는 A차량과 맞은편 방향에서 녹색좌회전 화살표 신호에 좌회전하는 B차량이 충돌한 사고이다.","⊙신호기가 있는 교차로에서 신호는 양 차량 운전자가 신뢰하는 것으로, B차량은 A차량이 적색신호를 위반하여 직진할 것을 예상하고 주의해야 할 이유가 없으므로 A차량의 일방 과실로 정한다.","차2-1","NaN","⊙제3편 제2장 3. 수정요소의 해설 부분을 참조한다. 제3장. 자동차와 자전거(농기계 포함)의 사고 제1장. 자동차와 보행자의 사고 목차","NaN","NaN"
41,"⊙신호기에 의해 교통정리가 이루어지고 있는 교차로에서 녹색신호에 직진하는 A차량과 맞은편 방향에서 녹색신호에 좌회전(비보호 좌회전이 아님) 또는 적색신호에 좌회전하는 좌회전 신호위반 B차량이 충돌한 사고이다.","⊙신호기가 있는 교차로에서 신호는 양 차량 운전자가 신뢰하는 것으로, A차량은 B차량이 좌회전 화살표 신호가 아닌 녹색이나 적색에 신호를 위반하여 좌회전할 것을 예상하고 주의해야 할 이유가 없으므로 B차량의 일방 과실비율로 정한다.","차2-2","NaN","⊙제3편 제2장 3. 수정요소의 해설 부분을 참조한다. 제3장. 자동차와 자전거(농기계 포함)의 사고 제1장. 자동차와 보행자의 사고 목차","NaN","NaN"
42,"⊙신호기에 의해 교통정리가 이루어지고 있는 교차로에서 황색신호에 교차로에 진입하여 직진 중인 A차량과 맞은편 주행방향에서 녹색직진신호에 진입하여 황색신호에 좌회전하는 B차량이 충돌한 사고이다.","⊙양 차량 모두 신호위반의 잘못이 있지만, A차량은 황색신호에 교차로에 진입하였고 B차량은 좌회전이 금지된 녹색직진신호에 좌회전 진입한 점, A차량이 직진이라는 점에서 좌회전차량인 B차량보다 과실의 정도가 적다고 볼 수 있으므로 양 차량의 기본 과실비율을 40:60으로 정한다.","차2-3","NaN","⊙제3편 제2장 3. 수정요소의 해설 부분을 참조한다. 제3장. 자동차와 자전거(농기계 포함)의 사고 제1장. 자동차와 보행자의 사고 목차","NaN","NaN"
43,"⊙신호기에 의해 교통정리가 이루어지고 있는 교차로에서 황색(적색)신호에 직진하는 A차량과 맞은편 주행방향에서 황색(적색)신호에 좌회전하는 B차량이 충돌한 사고이다.","⊙양 차량이 황색 또는 적색 신호에 진입한 경우에는 양 차량 모두 신호위반의 잘못이 있으므로 양 차량의 기본 과실비율을 50:50으로 정한다.","차2-4","NaN","⊙제3편 제2장 3. 수정요소의 해설 부분을 참조한다. 제3장. 자동차와 자전거(농기계 포함)의 사고 제1장. 자동차와 보행자의 사고 목차","NaN","NaN"
44,"⊙신호기에 의해 교통정리가 이루어지고 있는 교차로에서 녹색화살표(황색) 신호에 교차로에 진입하여 좌회전을 하였으나 신호가 바뀔 때까지 교차로를 벗어나지 못한 A차량과 맞은편 에서 녹색신호에 교차로에 진입하여 직진 중인 B차량이 충돌한 사고이다.","⊙(가) A차량이 녹색화살표 신호에 정상적으로 선진입하였고, 신호변경시까지 교차로를 미처 벗어나지 못한 상황이므로, 교차로에 후진입하는 B차량은 이러한 상황을 충분히 인식할 수 있었다는 점을 감안하여 양 차량의 기본 과실비율을 30:70으로 정한다. ⊙(나) A차량이 황색신호에 진입하여 신호위반을 하였다는 점에서 과실이 매우 중하다고 할 것이지만, 교차로에 후진입하는 B차량 역시 전방 좌우에서 이미 교차로에 진입하여 진행 중인 차량이 있는지 여부를 살펴보고 그러한 차량이 있는 경우 그 동태를 살피면서 서행 제3장. 자동차와 자전거(농기계 포함)의 사고 제1장. 자동차와 보행자의 사고 목차","차2-5","NaN","NaN","NaN","NaN"
45,"⊙신호기에 의해 교통정리가 이루어지고 좌회전차량 방향에 비보호좌회전 표지가 있는 교차로 에서, 녹색신호에 비보호좌회전을 하는 A차량과, 맞은편에서 녹색신호에 교차로에 직진 진입하여 직진 중인 B차량이 충돌한 사고이다.","⊙도로교통법 시행규칙 별표2가 2010.8.24. 개정되어 녹색 비보호 좌회전시 사고가 발생 하더라도 신호위반으로 처리되지 않고, 비보호좌회전을 하는 A차량으로서는 진행신호시 반대방면에서 오는 차량에 방해가 되지 아니하도록 주의하며 좌회전을 할 수 있다(도로 교통법 시행규칙 별표6 중 일련번호 329, 542 참조). ⊙B차량 진행 방향에서도 비보호좌회전 표지가 있는 교차로이면 맞은편에서도 비보호좌 회전을 할 수 있으리라고 전혀 예상하지 못할 바는 아니므로 비보호좌회전 교차로를 신호에 따라 직진으로 통과하는 B차량도 맞은편에서 미리 교차로에 진입하는 비보호좌회전 차량이 있는지를 살피면서 교차로를 통과하여야 한다. 제3장. 자동차와 자전거(농기계 포함)의 사고 제1장. 자동차와 보행자의 사고 목차","차2-6","NaN","NaN","NaN","NaN"
46,"⊙신호기에 의해 교통정리가 이루어지고 있는 교차로에서 적색신호에 직진하는 A차량과 교차로에서 녹색화살표 신호에 좌회전하는 B차량이 충돌한 사고이다.","⊙신호기가 있는 교차로에서 신호는 양 차량 운전자가 신뢰하는 것으로, B차량은 직진차량인 A차량이 신호를 위반할 것을 예상하고 주의해야 할 이유가 없으므로 A차량의 일방 과실로 정한다. 제3장. 자동차와 자전거(농기계 포함)의 사고 제1장. 자동차와 보행자의 사고 목차","차3-1","NaN","NaN","NaN","NaN"
47,"⊙신호기에 의해 교통정리가 이루어지고 있는 교차로에서 적색신호에 직진하는 A차량과 교차로에서 적색신호에 좌회전하는 B차량이 충돌한 사고이다.","⊙양 차량 모두 신호위반의 잘못이 있으므로 양 차량의 기본 과실비율을 50:50으로 정한다. 제3장. 자동차와 자전거(농기계 포함)의 사고 제1장. 자동차와 보행자의 사고 목차","차3-2","NaN","NaN","NaN","NaN"
48,"⊙신호기에 의해 교통정리가 이루어지고 있는 교차로에서 황색신호에 진입하여 직진 중인 A차량과 교차도로에서 적색신호에 좌회전하는 B차량이 충돌한 사고이다.","⊙양 차량 모두 신호위반에 해당하지만, 적색신호에 진입한 B차량의 과실이 더욱 크므로 황색신호에 직진 진입 차량과 적색신호에 좌회전 진입 차량의 기본 과실비율을 30:70으로 정한다.","차3-3","NaN","⊙제3편 제2장 3. 수정요소의 해설 부분을 참조한다. 제3장. 자동차와 자전거(농기계 포함)의 사고 제1장. 자동차와 보행자의 사고 목차","NaN","NaN"
49,"⊙신호기에 의해 교통정리가 이루어지고 있는 교차로에서 적색신호에 직진하는 A차량과 교차도로에서 황색신호에 진입하여 좌회전하는 B차량이 충돌한 사고이다.","⊙B차량은 황색신호에 진입하였지만 좌회전차량이라는 점을 감안하여 양 차량의 기본 과실 비율을 60:40으로 정하였다.","차3-4","NaN","⊙제3편 제2장 3. 수정요소의 해설 부분을 참조한다. 제3장. 자동차와 자전거(농기계 포함)의 사고 제1장. 자동차와 보행자의 사고 목차","NaN","NaN"
50,"⊙신호기에 의해 교통정리가 이루어지고 있는 교차로에서 녹색화살표(황색) 신호에 교차로에 진입하여 좌회전을 하였으나 아직 교차로를 벗어나지 못한 A차량과 녹색신호에 교차로에 진입하여 직진 중인 B차량이 충돌한 사고이다.","⊙(가) A차량이 녹색화살표 신호에 정상적으로 선진입하였고, 신호변경시까지 교차로를 미처 벗어나지 못한 상황임을 교차로에 후진입하는 B차량이 충분히 인식할 수 있었다는 점을 감안하여 양 차량의 기본 과실비율을 30:70으로 정한다. ⊙(나) A차량이 황색신호에 진입하여 신호위반을 하였다는 점에서 과실이 매우 중하다고 할 것이지만, 교차로에 후진입하는 B차량 역시 전방 좌우에서 이미 교차로에 진입하여 진행 중인 차량이 있는지 여부를 살펴보고 그러한 차량이 있는 경우 그 동태를 살피면서 서행하는 제3장. 자동차와 자전거(농기계 포함)의 사고 제1장. 자동차와 보행자의 사고 목차","차3-5","NaN","NaN","NaN","NaN"
51,"⊙신호기에 의해 교통정리가 이루어지고 있는 교차로에서 녹색신호에 직진하는 A차와 적색 신호에 좌회전하는 B차량이 충돌한 사고이다.","⊙신호기가 있는 교차로에서 적색신호에 좌회전을 한 것은 도로교통법 제5조의 신호에 따를 의무를 위반한 것이므로 이처럼 신호를 위반하여 좌회전한 B차량의 일방 과실비율로 정한다.","차3-6","⊙도로교통법 제5조(신호 또는 지시에 따를 의무) ① 도로를 통행하는 보행자, 차마 또는 노면전차의 운전자는 교통안전시설이 표시하는 신호 또는 지시와 다음 각 호의 어느 하나에 해당하는 사람이 하는 신호 또는 지시를 따라야 한다. 1. 교통정리를 하는 경찰공무원(의무경찰을 포함한다. 이하 같다) 및 제주특별자치도의 자치경찰 공무원(이하 “자치경찰공무원”이라 한다) 2. 경찰공무원(자치경찰공무원을 포함한다. 이하 같다) 을 보조하는 사람으로서 대통령령으로 정하는 사람(이하 “경찰보조자”라 한다) 제3장. 자동차와 자전거(농기계 포함)의 사고 제1장. 자동차와 보행자의 사고 목차","NaN","NaN","NaN"
52,"NaN","⊙도로교통법은 좌회전하는 차량은 직진하려는 다른 차가 있을 때에는 진로를 양보하여야 한다고 규정하고, 적색등화가 점멸하는 신호등이 설치된 도로에서 교차로에 진입하려는 차량은 교차로 진입 전 일시정지 한 후 다른 교통에 주의하여 진행할 수 있다고 규정하고 있으며 황색등화가 점멸하는 신호등이 설치된 도로에서 진행하는 차량은 다른 교통 또는 안전표지의 표시에 주의하면서 진행할 수 있다고 규정하고 있다. 따라서 일시정지 및 양보 의무가 부과된 적색점멸신호에 좌회전하려는 A차량은 교차로에 접근하고 있는 다른 차량 에게 진로를 양보할 높은 주의의무를 부담하므로 양 차량의 기본과실을 80:20으로 정하 였다. 제3장. 자동차와 자전거(농기계 포함)의 사고 제1장. 자동차와 보행자의 사고 목차","차3-7","NaN","NaN","NaN","NaN"
53,"NaN","⊙적색등화가 점멸하는 신호등이 설치된 도로에서 교차로에 진입하려는 A차량은 교차로 진입 전 일시정지하여 교차로에 접근하는 다른 차량에게 진로를 양보할 주의의무를 부담 하고 이 경우 황색등화가 점멸하는 신호등이 설치된 도로에서 진입하는 차량이 좌회전을 하고 있는 경우에도 A차량은 여전히 일시정지하여 진로를 양보할 주의의무를 부담한다고 할 것이어서 황색등화가 점멸하는 신호등이 설치된 도로에서 좌회전하기 위하여 진입 하는 B차량 보다 A차량의 과실을 무겁게 평가하여 양 차량의 기본과실을 60:40으로 정하였다. 제3장. 자동차와 자전거(농기계 포함)의 사고 제1장. 자동차와 보행자의 사고 목차","차3-8","NaN","NaN","NaN","NaN"
54,"⊙교차로에서 정상신호에 따라 좌회전하는 A차량과 맞은편에서 교차로 적색신호에 우회전 하는 B차량이 충돌한 사고이다.","⊙같은 방향의 차로를 향한 동시진로변경의 성격을 가지는 것이나 좌회전 차량은 좌회전 신호에 따라 진행하고 있어 통행우선권이 있고, 교차로 적색 신호에 우회전 차량은 신호에 따라 진행하는 차량의 교통을 방해하지 않으면서 우회전을 하여야 할 의무가 있다는 점을 감안하여 양 차량의 기본 과실비율을 20:80으로 정한다.","차4-1","NaN","① A가 정상적인 좌회전 궤도로 좌회전하지 않고 정상 궤도를 이탈하여 크게 회전(대좌회전) 하는 행위는 우회전 차량으로 하여금 회전반경을 예측하기 어렵게하여 사고위험을 가중하는 제3장. 자동차와 자전거(농기계 포함)의 사고 제1장. 자동차와 보행자의 사고 목차","NaN","NaN"
55,"⊙신호기에 의해 교통정리가 이루어지고 한쪽 방향에 비보호좌회전 표지가 있는 교차로에서 녹색신호에 비보호좌회전을 하는 A차량과 맞은 편에서 우회전하는 B차량이 충돌한 사고 이다.","⊙도로교통법은 비보호좌회전 표지가 설치된 교차로에서 좌회전하려는 차량은 진행신호시 반대방면에서 오는 차량에 방해가 되지 아니하도록 좌회전을 조심스럽게 할 수 있다고 규정 하고 있고 교통정리를 하고 있지 아니하는 교차로에서 좌회전하려는 차량은 그 교차로에서 우회전하려는 다른 차가 있을 때에는 그 차에 진로를 양보하여야 한다고 규정하여 우회전 차량에게 진행의 우선권을 인정하고 있다. 다만 우회전하는 차량도 교차로에서 진행하는 다른 차량에 주의하여 진행하여야 하는 점을 고려하여 양 차량의 기본과실을 60:40으로 정하였다. 제3장. 자동차와 자전거(농기계 포함)의 사고 제1장. 자동차와 보행자의 사고 목차","차4-2","NaN","NaN","NaN","NaN"
56,"⊙신호기에 의한 교통정리가 한쪽 방향에만 이루어지고 있는 교차로에서 신호기가 없는 도로를 이용하여 우회전하는 A차량과 신호기가 있는 교차도로를 이용하여 직진하는 B차량이 충돌한 사고이다.","⊙(가) B차량이 녹색신호에 직진한 경우에는 A차량에 대하여 통행우선권이 있으나, A차량이 진행한 방향에는 신호기가 없으므로 신호위반의 과실을 묻기 어렵고, B차량은 이러한 교차로를 통과함에 있어 전방좌우를 철저히 살피고 안전운전을 해야 할 주의의무가 있으 므로 양 차량의 기본 과실비율을 80:20으로 정한다. A차량 전방 교차로 신호기가 있고 적색일 때 우회전하는 경우에도 마찬가지이다. 제3장. 자동차와 자전거(농기계 포함)의 사고 제1장. 자동차와 보행자의 사고 목차","차5-1","NaN","NaN","NaN","NaN"
57,"⊙양 방향 모두 신호기에 의한 교통정리가 이루어지고 있는 교차로에서 횡단보도 보행자 신호에 우회전하는 A차량과 녹색신호에 직진하는 B차량이 충돌한 사고이다.","⊙신호기가 있는 교차로에서 신호는 양 차량 운전자가 신뢰하는 것으로, B차량은 A차량이 횡단보도 보행자신호에 신호를 위반하여 우회전할 것을 예상하고 주의해야 할 이유가 없으므로 A차량의 일방과실(100:0)로 정한다.","차5-2","NaN","⊙회전차량이 우측단을 따라 우회전 하지 않고 크게 우회전하는 경우 도로교통법 제25조상 우회전 방법에 위반되고 나아가 직진차량과의 사고 위험성이 상당 부분 증가하므로 과실을 10%까지 가산할 수 있다. ⊙양 차량의 현저한 과실 내지 중과실은 양 차량 진입 시점, 양 차량 진행 속도, 기타 충격부위 등 여러 사정을 비교하여 가감산할 수 있다. 제3장. 자동차와 자전거(농기계 포함)의 사고 제1장. 자동차와 보행자의 사고 목차","NaN","NaN"
58,"⊙신호기에 의한 교통정리가 한쪽 방향에만 이루어지고 있는 교차로에서 신호기가 있는 도로를 이용하여 직진하는 B차량과 신호기가 없는 도로를 이용하여 직진(좌회전)하는 A차량이 충돌한 사고이다.","⊙(가) B차량이 녹색신호에 직진한 경우에는 A차량에 대하여 통행우선권이 있으나, A차량이 진행한 방향에는 신호기가 없으므로 신호위반의 과실을 묻기 어렵고, B차량은 이러한 교차로를 통과함에 있어 전방좌우를 철저히 살피고 안전운전을 해야 할 주의의무가 있으 므로 양 차량의 기본 과실비율을 80:20으로 정한다. 제3장. 자동차와 자전거(농기계 포함)의 사고 제1장. 자동차와 보행자의 사고 목차","차6-1","NaN","NaN","NaN","NaN"
59,"⊙신호기에 의해 교통정리가 이루어지고 있지 않고 한쪽에 일시정지 표지가 있는 교차로에 서 일시정지 표지가 없는 도로를 이용해 교차로에 진입하여 직진 중인 A차량과 일시정지 표지가 있는 도로를 이용해 교차로에 진입하여 직진 중인 B차량이 충돌한 사고이다.","⊙도로교통법 제25조 제6항에 따라 일시정지 표지가 있는 곳에서는 일시정지를 할 의무가 있어 이를 위반한 B차량의 과실이 중하지만, 신호기 없는 교차로를 진행하는 A차량도 도로 교통법 제31조에 따라 서행 또는 일시정지를 준수하고 다른 차량의 유무와 동태를 살피면서 진행하여야 할 주의의무가 있다는 점을 고려하여 양 차량의 기본 과실비율을 20:80으로 정한다. 제3장. 자동차와 자전거(농기계 포함)의 사고 제1장. 자동차와 보행자의 사고 목차","차7-1","NaN","NaN","NaN","NaN"
60,"⊙신호기에 의해 교통정리가 이루어지고 있지 않고 한쪽 도로가 일방통행로인 교차로에서 일방통행로가 아닌 도로를 이용하여 교차로에 진입하여 직진 중인 A차량과 일방통행로를 역주행하여 교차로에 진입한 B차량이 충돌한 사고이다.","⊙도로교통법 제5조 제1항 및 동법 시행규칙 별표6에 따라 일방통행 표지가 있는 곳에서는 지시방향이 아닌 방향으로 주행한 B차량의 과실이 중하지만, 신호기 없는 교차로를 진행 하는 A차량도 도로교통법 제31조에 따라 서행 또는 일시정지를 준수하고 다른 차량의 유무와 동태를 살피면서 진행하여야 할 주의의무가 있다는 점을 고려하여 양 차량의 기본 과실비율을 20:80으로 정한다.","차7-2","NaN","⊙제3편 제2장 3. 수정요소의 해설 부분을 참조한다. 제3장. 자동차와 자전거(농기계 포함)의 사고 제1장. 자동차와 보행자의 사고 목차","NaN","NaN"
61,"⊙신호기에 의해 교통정리가 이루어지고 있지 않고 한쪽에 일시정지 표지가 있는 동일 폭의 교차로에서 직진하는 A차량과 교차도로에서 일시정지의무를 위반하여 좌회전하는 B차량이 충돌한 사고이다.","⊙도로교통법 제25조 제6항에 따라 일시정지 표지가 있는 곳에서는 일시정지의무가 있고, 동법 제26조 제4항에 따라 직진차량이 좌회전차량보다 통행우선권이 있으므로 일시정지 의무를 위반한 좌회전차량의 과실이 중하다고 보이지만, 직진차량도 동법 제31조에 따라 교차로 진입 전 서행 또는 일시정지를 준수하고 전방 및 좌우를 주의해야 하는 의무가 있어 양 차량의 기본 과실비율을 20:80으로 정한다. 제3장. 자동차와 자전거(농기계 포함)의 사고 제1장. 자동차와 보행자의 사고 목차","차8-1","NaN","NaN","NaN","NaN"
62,"⊙신호기에 의해 교통정리가 이루어지고 있지 않고 한쪽에 일시정지 표지가 있는 교차로에서 일시정지 의무를 위반하여 직진하는 A차량과 A차량의 진행방향 오른쪽 도로에서 진입하여 좌회전하는 B차량이 충돌한 사고이다.","⊙도로교통법 제25조 제6항에 따라 일시정지 표지가 있는 곳에서 일시정지의무가 있다는 점에서 A차량이 직진차량임에도 불구하고 일시정지의무를 위반한 과실이 크다고 보아 양 차량의 기본 과실비율을 70:30으로 정한다.","차8-2","NaN","① 직진차량이 일시정지를 하였으나 좌우의 안전 확인이 불충분했던 경우이다. 직진차량이 일시 정지한 경우에는 좌회전차량과 충돌을 회피할 여지가 크므로 직진차량인 A차량의 과실을 감산할 수 있다. 제3장. 자동차와 자전거(농기계 포함)의 사고 제1장. 자동차와 보행자의 사고 목차","NaN","NaN"
63,"⊙신호기에 의해 교통정리가 이루어지고 있지 않고 한쪽에 일시정지 표지가 있는 교차로에서 일시정지의무를 위반하여 직진하는 A차량과 A차량의 진행방향 왼쪽 도로에서 진입하여 좌회전하는 B차량이 충돌한 사고이다.","⊙일시정지의무를 위반한 직진차량이 오른쪽에서 진입한 경우에는 도로교통법 제26조 제3항을 감안하여 직진차량인 A차량의 비율을 차8-2 대비 10% 낮추어 양 차량의 기본 과실비율을 60:40으로 정하였다.","차8-3","NaN","① 직진차량이 일시정지를 하였으나 좌우의 안전 확인이 불충분했던 경우이다. 직진차량이 일시 정지한 경우에는 좌회전차량과 충돌을 회피할 여지가 크므로 직진차량인 A차량의 과실을 감산할 수 있다. 제3장. 자동차와 자전거(농기계 포함)의 사고 제1장. 자동차와 보행자의 사고 목차","NaN","NaN"
64,"⊙신호기에 의해 교통정리가 이루어지고 있지 않고 한쪽에 일시정지 표지가 있는 교차로에서 일시정지 표지를 위반하여 우회전하는 A차량과 일시정지 표지가 없는 도로에서 직진하는 B차량이 충돌한 사고이다.","⊙도로교통법 제25조 제6항에 따라 일시정지 표지가 있는 곳에서는 일시정지 의무가 있으므로 이를 위반한 우회전 A차량의 과실이 중하지만, 동법 제31조에 따라 B차량도 교차로 진입 시 서행 또는 일시정지하여 전방 및 좌우를 살피면서 진행하여야 할 주의의무가 있다는 점을 감안하여 양 차량의 기본 과실비율을 80:20으로 정한다. 제3장. 자동차와 자전거(농기계 포함)의 사고 제1장. 자동차와 보행자의 사고 목차","차9-1","NaN","NaN","NaN","NaN"
65,"⊙신호기에 의해 교통정리가 이루어지고 있지 않고 한쪽에 일시정지 표지가 있는 교차로에서 일시정지 표지를 위반하여 직진하는 A차량과 일시정지 표지가 없는 교차로에서 우회전 하는 B차량이 충돌한 사고이다.","⊙도로교통법 제25조 제6항에 따라 일시정지 표지가 있는 곳에서는 일시정지 의무가 있으 므로 이를 위반한 직진 A차량의 과실이 중하지만, 도로교통법 제25조 제1항, 동법 제31 조에 따라 B차량도 교차로 진입시 서행 또는 일시정지하여 전방 및 좌우를 살피면서 진행하여야 할 주의의무가 있다는 점을 감안하여 양 차량의 기본 과실비율을 80:20으로 정한다. 제3장. 자동차와 자전거(농기계 포함)의 사고 제1장. 자동차와 보행자의 사고 목차","차9-2","NaN","NaN","NaN","NaN"
66,"⊙신호기에 의해 교통정리가 이루어지고 있지 않고 한쪽에 일시정지 표지가 있는 교차로에 서 일시정지 표지를 위반하여 좌회전하는 A차량과 일시정지 표지가 없는 도로를 이용하여 좌회전하는 B차량이 충돌한 사고이다.","⊙도로교통법 제25조 제6항에 따라 일시정지 표지가 있는 곳에서는 일시정지를 할 의무가 있어 이를 위반한 A차량의 과실이 중하지만, 신호기 없는 교차로를 진행하는 B차량도 도로교통법 제25조 제2항 및 제31조에 따라 서행 또는 일시정지를 준수하고 전방좌우를 주시해야 한다는 점을 고려하여 기본 과실비율을 80:20으로 정한다. 제3장. 자동차와 자전거(농기계 포함)의 사고 제1장. 자동차와 보행자의 사고 목차","차10-1","NaN","NaN","NaN","NaN"
67,"NaN","NaN","차11-1","NaN","NaN","NaN","NaN"
68,"⊙신호기에 의하여 교통정리가 이루어지고 있는 교차로에서 직진 및 좌회전 신호에 따라 직진 및 좌회전 노면표시가 된 차로에서 직진하는 A차량과 직진 노면표시가 된 오른쪽 차로에서 좌회전하는 B차량이 충돌한 사고이다.","⊙B차량은 도로교통법 제25조 제2항의 교차로 통행방법을 위반하였고 직진 노면표시차로 에서 좌회전하여 중대한 안전운전 불이행의 과실이 있는 점, 신호에 따라 정상 직진 중인 A차량으로서는 오른쪽 차로에서 좌회전을 할 것으로 예측하기 어렵다는 점 등을 고려하여 B차량의 일방과실로 보아 양 차량의 기본 과실비율을 0:100으로 정한다. 제3장. 자동차와 자전거(농기계 포함)의 사고 제1장. 자동차와 보행자의 사고 목차","차11-2","NaN","NaN","NaN","NaN"
69,"⊙신호기에 의하여 교통정리가 이루어지고 있지 않은 교차로에서 좌회전 노면표시가 된 1차로에서 직진하는 A차량과 직진 노면표시가 된 2차로에서 좌회전하는 B차량이 충돌한 사고이다. ⊙신호기에 의하여 교통정리가 이루어지고 있는 교차로에서 직진 및 좌회전 신호가 등화된 상태에서 발생한 사고의 경우에도 준용할 수 있다.","⊙노면에 진행방향표시가 설치된 차로의 경우 차량의 운전자는 지정한 통행방법에 따라 통행 하여야 할 주의의무를 부담하므로 좌회전표지가 설치된 1차로에서 직진한 A차량과 직진 표지가 설치된 2차로에서 좌회전한 B차량은 모두 지정된 통행방법에 따라 진행하지 아니한 과실이 인정된다. 다만 직진표지가 설치된 2차로에서 좌회전한 B차량은 교차로 안쪽을 따 라 좌회전하여야 하는 교차로통행방법을 위반한 채 2차로에서 1차로를 가로지르는 방식 제3장. 자동차와 자전거(농기계 포함)의 사고 제1장. 자동차와 보행자의 사고 목차","차11-3","NaN","NaN","NaN","NaN"
70,"⊙신호기 등에 의하여 교통정리가 이루어지는 교차로에서 직진 녹색신호에 후행하던 A차량이 직진노면표시 차로에서 추월하여 우회전 하던 중 직진 및 우회전 노면표시가 된 오른쪽 차로에서 직진하던 B차량과 충돌한 사고이다.","⊙A차량은 도로교통법 제25조 제1항의 교차로 통행방법을 위반하였고, 직진 노면표시 차로 에서 우회전하여 중대한 안전운전 불이행의 과실이 있으며, 도로교통법 제22조의 앞지르기 금지의 시기 및 장소를 위반한 점을 고려 기본 과실비율을 100:0으로 본다.","차11-4","NaN","① 도로교통법 제20조 진로양보의무에 따라 피추월차량은 추월차량보다 계속하여 느리게 진행하고자 할 때에는 도로 오른쪽으로 피하여 진로를 양보하여야 할 의무가 있으므로, 제3장. 자동차와 자전거(농기계 포함)의 사고 제1장. 자동차와 보행자의 사고 목차","NaN","NaN"
71,"⊙신호기에 의하여 교통정리가 이루어지고 있는 교차로에서 직진 신호에 따라 직진 및 우회전 노면표시가 된 차로에서 선행 우회전을 하는 A차량과 우회전 노면표시가 된 오른쪽 차로 에서 후행 직진하는 B차량이 충돌한 사고이다.","⊙B차량이 우회전 노면표시 차로에서 직진하여 중대한 안전운전 불이행의 과실이 있으며, B차량의 주행차로가 교차로 이후 차로가 감소하여 교차로 내 차로변경 없이 직진이 현실적 으로 불가능한 점 등을 고려할 때, 교차로 내에서 무리하게 직진한 B차량의 일방과실로 보아 기본 과실비율을 0 : 100으로 정한다. 제3장. 자동차와 자전거(농기계 포함)의 사고 제1장. 자동차와 보행자의 사고 목차","차11-5","NaN","NaN","NaN","NaN"
72,"⊙신호기에 의하여 교통정리가 이루어지고 있지 않은 교차로에서 직진 노면표시가 된 2차로에 서 우회전하는 B차량과 우회전 노면표시가 된 3차로에서 직진하는 A차량이 충돌한 사고이다. ⊙신호기에 의하여 교통정리가 이루어지고 있는 교차로에서 직진 신호가 등화된 상태에서 발생 한 사고의 경우에도 준용할 수 있다.","⊙노면에 진행방향표시가 설치된 차로의 경우 차량의 운전자는 지정한 통행방법에 따라 통 행하여야 할 주의의무를 부담하므로 우회전표지가 설치된 차로에서 직진한 A차량과 직진 표지가 설치된 차로에서 우회전한 B차량은 모두 지정된 통행방법에 따라 진행하지 아니 한 과실이 인정된다. 다만 직진표지가 설치된 차로에서 우회전한 B차량은 도로의 우측 가장 자리를 따라 우회전하여야 하는 교차로통행방법을 위반한 채 우측차로를 가로지르는 방식 으로 급회전한 과실이 인정되는 점을 고려하여 양 차량의 기본 과실비율을 40:60으로 정 하였다. 제3장. 자동차와 자전거(농기계 포함)의 사고 제1장. 자동차와 보행자의 사고 목차","차11-6","NaN","NaN","NaN","NaN"
73,"⊙신호기에 의해 교통정리가 이루어지고 있지 않는 동일 폭의 교차로에서 오른쪽 도로에서 진입하여 직진하는 A차량과 왼쪽 도로에서 진입하여 직진하는 B차량이 충돌한 사고이다.","⊙신호기가 없는 동일 폭의 교차로에서 동시 진입한 (가) 경우 도로교통법 제26조 제3항에 따라 오른쪽 도로에서 진입하여 진행한 A차량에게 통행우선권이 있으나, A차량도 동법 제31조에 따라 교차로 진입 전 서행 또는 일시정지를 준수하여야 할 주의의무가 있으므로 양 차량의 기본 과실비율을 40:60으로 정한다. 제1장. 자동차와 보행자의 사고 제3장. 자동차와 자전거(농기계 포함)의 사고 목차","차12-1","NaN","NaN","NaN","NaN"
74,"⊙신호기에 의해 교통정리가 이루어지고 있지 않는 다른 폭의 교차로에서 폭이 넓은 도로 (대로)를 이용하여 직진하는 A차량과 상대적으로 폭이 좁은 도로(소로)를 이용하여 직진 하는 B차량이 충돌한 사고이다.","⊙신호기가 없는 다른 폭의 교차로의 경우 도로교통법 제26조 제2항에 따라 대로를 진행하는 A차량에게 통행우선권이 있으나, A차량도 동법 제31조에 따라 교차로 진입 전 서행 또는 일시정지를 준수하여야 하는 주의의무가 있어, 동시 진입한 (가)의 경우 양 차량의 기본 과실비율을 30:70으로 정하였다. ⊙소로를 진행하는 B차량이 후진입한 (나)의 경우에는 동조 제1항에 따라 (가)보다 과실을 가중하여 양 차량의 기본 과실비율을 20:80으로 정하였다. 제1장. 자동차와 보행자의 사고 제3장. 자동차와 자전거(농기계 포함)의 사고 목차","차12-2","NaN","NaN","NaN","NaN"
75,"⊙신호기에 의해 교통정리가 이루어지고 있지 않는 동일 폭의 교차로에서 우회전하는 A차량과 A차량의 진행방향 왼쪽 도로에서 직진 진입하는 B차량이 충돌한 사고이다.","⊙동일 폭의 교차로에서는 도로교통법 제26조 제3항에 따라 오른쪽에서 진입한 차량에게 통행 우선권이 있으나, 우회전을 하는 경우에는 직진하는 차량의 진로상에 진로를 변경하여 들어가기 때문에 직진보다 주의의무가 크므로 이를 감안하여 양 차량의 기본 과실비율을 60:40으로 정한다. 제1장. 자동차와 보행자의 사고 제3장. 자동차와 자전거(농기계 포함)의 사고 목차","차13-1","NaN","NaN","NaN","NaN"
76,"⊙신호기에 의해 교통정리가 이루어지고 있지 않은 교차로에서 1차로를 따라 직진하다가 교차로 내에서 2차로로 진로변경을 하는 A차량과 A차량의 진행방향 우측도로에서 우회전을 하는 B차량이 충돌한 사고이다.","⊙A차량은 전방 신호에 의하여 보호받지 못한 채 교차로에 진입하여 직진하다가 진로변경을 하였다는 점, 직진차량이 모든 차로를 우회전차량보다 우선적으로 통행할 수 있다고 볼 근거는 없으며 B차량으로서는 좌측 도로에서 1차로를 따라 직진 중인 A차량이 2차로로 진로변경을 할 것까지 대비하기는 어렵다는 점, 도로교통법 제26조 제3항의 해석상 B차량 이 A차량의 우측도로에서 교차로에 진입하고 있으므로 B차량에게 통행우선권이 있다고 볼 수 있는 점을 종합하면, A차량의 과실이 B차량보다 더 크다고 보아야 할 것이다. 다만, B차량도 교차로 진입 전에 전방 좌측에서 직진중인 A차량을 발견하고 그 진로를 계속 예의 주시하면서 안전하게 우회전을 하여야 할 주의의무가 있다는 점을 고려할 때, 양 차량의 기본 과실비율을 60:40으로 정하였다. 제1장. 자동차와 보행자의 사고 제3장. 자동차와 자전거(농기계 포함)의 사고 목차","차13-2","NaN","NaN","NaN","NaN"
77,"⊙신호기에 의해 교통정리가 이루어지고 있지 않는 다른 폭의 교차로에서 소로에서 대로로 우회전하는 A차량과 A차량의 진행방향 왼쪽 대로에서 직진하는 B차량이 충돌한 사고이다.","⊙우회전 A차량이 소로에서 진행하고 직진 B차량이 대로에서 진행한 점을 감안하여 양 차량의 기본 과실비율을 70:30으로 정한다.","차13-3","NaN","① 신호기 없는 교차로이므로 도로교통법 제31조에 따라 모든 차량은 서행을 하여야 할 것이나 서행하지 않는 경우에는 과실을 가산할 수 있다. ② 도로교통법 제25조 제1항에 따라 우회전차량은 도로 오른쪽 가장자리로 우회전하여야하나 이를 위반하여 중앙선 쪽으로 크게 우회전한 경우에는 과실을 가산할 수 있다. 제1장. 자동차와 보행자의 사고 제3장. 자동차와 자전거(농기계 포함)의 사고 목차","NaN","NaN"
78,"⊙신호기에 의해 교통정리가 이루어지고 있지 않는 다른 폭의 교차로에서 대로를 진행하다가 소로로 우회전하는 A차량과 A차량의 진행방향 왼쪽 소로에서 직진하는 B차량이 충돌한 사고이다.","⊙우회전 A차량이 대로를 진행하고 직진 B차량이 소로에서 진행한 점을 감안하여 양 차량의 기본 과실비율을 30:70으로 정한다.","차13-4","NaN","① 신호기 없는 교차로이므로 도로교통법 제31조에 따라 모든 차량은 서행을 하여야 할 것이나 서행하지 않는 경우에는 과실을 가산할 수 있다. ② 도로교통법 제25조 제1항에 따라 우회전차량은 도로 오른쪽 가장자리로 우회전하여야 하나 이를 위반하여 중앙선 쪽으로 크게 우회전한 경우에는 과실을 가산할 수 있다. 제1장. 자동차와 보행자의 사고 제3장. 자동차와 자전거(농기계 포함)의 사고 목차","NaN","NaN"
79,"⊙신호기에 의해 교통정리가 이루어지고 있지 않는 동일폭의 이면도로 사거리(삼거리) 교 차로에서 우회전하는 A차량과 A차량의 진행방향 우측 도로에서 우→좌 방향으로 직진 하는 B차량이 충돌한 사고이다.","⊙동일 폭의 교차로에서는 도로교통법 제26조 제3항에 따라 우측도로에서 진입한 B차량 에게 통행우선권이 있고, 또한 우회전을 하는 경우에는 직진하는 B차량의 진로상에 진로 를 변경하여 들어가기 때문에 직진보다 주의의무가 크므로, 이를 감안하여 양 차량의 기본 과실을 70:30으로 정한다. ⊙삼거리 교차로의 경우도 B차량에게 우측도로 및 직진 통행우선권 요소를 모두 반영하였 고, 사거리 교차로와 비교하여 볼 때, 우회전 차량에 대한 주의의무는 크게 다르지 않으 므로, 삼거리 교차로 요소를 추가로 반영하지 않고 사거리 교차로의 경우와 동일하게 양 차량 의 기본과실을 70:30으로 정한다. 제1장. 자동차와 보행자의 사고 제3장. 자동차와 자전거(농기계 포함)의 사고 목차","차14-1","NaN","NaN","NaN","NaN"
80,"⊙신호기에 의해 교통정리가 이루어지고 있지 않는 교차로에서 직진하는 A차량과 맞은편 주행방향에서 좌회전하는 B차량이 충돌한 사고이다.","⊙도로교통법 제26조 제4항에 따라 좌회전 차량은 직진차량에게 양보할 의무가 있으므로 좌회전차량인 B차량의 과실이 중하다고 할 것이지만, A차량도 동법 제31조에 따라 교차로 진입 전 서행 또는 일시정지를 준수하고 전방 및 좌우를 주의해야 하는 의무가 있어 양 차량의 기본 과실비율을 30:70으로 정하였다. 제1장. 자동차와 보행자의 사고 제3장. 자동차와 자전거(농기계 포함)의 사고 목차","차15-1","NaN","NaN","NaN","NaN"
81,"NaN","NaN","차16-1","NaN","NaN","NaN","NaN"
82,"NaN","NaN","차16-2","NaN","NaN","NaN","NaN"
83,"NaN","NaN","차16-3","NaN","NaN","NaN","NaN"
84,"NaN","NaN","차16-4","NaN","NaN","NaN","NaN"
85,"⊙신호기에 의해 교통정리가 이루어지고 있지 않는 다른 폭의 교차로에서 소로를 이용하여 직진하는 A차량과 A차량의 진행방향 왼쪽 대로에서 소로로 좌회전하는 B차량이 충돌한 사고이다.","⊙소로 직진차량인 A차량이 오른쪽 도로에서 진입한 차량이므로, 도로교통법 제26조 제3항을 감안하여 왼쪽 도로에서 진입한 B차량의 과실이 약간 크다고 보아 양 차량의 기본 과실 비율을 45:55로 정하였다.","차16-5","NaN","① B차량이 명확히 선진입하여 좌회전 완료한 직후 상황임을 감안하여 B차량 과실을 감산할 수 있다. 제1장. 자동차와 보행자의 사고 제3장. 자동차와 자전거(농기계 포함)의 사고 목차","NaN","NaN"
86,"⊙신호기에 의해 교통정리가 이루어지고 있지 않는 동일 폭의 교차로에서 좌회전하는 A차량과 A차량의 진행방향 왼쪽 도로에서 좌회전 진입하는 B차량이 충돌한 사고이다.","⊙신호기가 없는 동일 폭의 교차로에서 동시 좌회전 진입한 경우 도로교통법 제26조 제3항에 따라 오른쪽 도로에서 진입한 A차량에게 통행우선권이 있으나 A차량도 동법 제25조 제2항 및 제31조에 따라 교차로 진입 전 서행 또는 일시정지를 준수하고 전방·좌·우를 주의해야 하는 의무가 있어 이를 고려 양 차량의 기본 과실비율을 40:60으로 정한다.","차17-1","NaN","① 도로교통법 제25조 제2항에 따라 좌회전차량은 미리 도로의 중앙선을 따라 서행하면서 교차로의 중심 안쪽을 이용하여 좌회전하여야 하고, 동법 제38조 제1항에 따라 좌회전을 제1장. 자동차와 보행자의 사고 제3장. 자동차와 자전거(농기계 포함)의 사고 목차","NaN","NaN"
87,"⊙신호기에 의해 교통정리가 이루어지고 있지 않는 다른 폭의 교차로에서 소로를 이용하여 대로로 좌회전하는 A차량과 대로에서 소로로 좌회전하는 B차량이 충돌한 사고이다.","⊙양 차량 모두 좌회전하던 중의 사고이지만, 도로교통법 제26조 제2항에 따라 대로에서 진입한 B차량에게 통행우선권이 있으나 B차량도 동법 제25조 제2항 및 제31조에 따라 교차로 진입 전 서행 또는 일시정지를 준수하고 전방 및 좌우를 주의해야 하는 의무가 있어 양 차량의 기본 과실비율을 70:30으로 정한다.","차17-2","NaN","① 도로교통법 제25조 제2항에 따라 좌회전차량은 미리 도로의 중앙선을 따라 서행하면서 교차로의 중심 안쪽을 이용하여 좌회전하여야 하고, 동법 제38조 제1항에 따라 좌회전을 할 때에는 손이나 방향지시기 또는 등화로써 그 행위가 끝날 때까지 신호를 하여야 하므로, 제1장. 자동차와 보행자의 사고 제3장. 자동차와 자전거(농기계 포함)의 사고 목차","NaN","NaN"
88,"⊙신호기에 의해 교통정리가 이루어지고 있지 않는 동일폭의 교차로에서 우회전하는 A차량과 A차량의 진행방향 우측 도로에서 좌회전 진입하는 B차량이 충돌한 사고이다.","⊙신호기가 없는 동일 폭의 교차로에서 우회전하는 A차량과 A차량의 진행방향 우측 도로에서 좌회전 진입하는 B차량이 충돌한 경우, A차량은 도로교통법 제26조 제4항에 따라 우회전 통행우선권이 있으나, 한편 B차량은 도로교통법 제26조 제3항에 따라 우측 도로 통행우선 권이 인정되는 점을 고려하면 양 차량의 통행우선권은 거의 대등한 수준인 것으로 판단 되어, 양 차량의 기본과실을 50:50으로 정한다. 제1장. 자동차와 보행자의 사고 제3장. 자동차와 자전거(농기계 포함)의 사고 목차","차18-1","NaN","NaN","NaN","NaN"
89,"⊙교통정리가 없는 사거리 교차로에서 좌회전하는 A차량과 맞은편에서 우회전하는 B차량이 충돌한 사고이다.","⊙도로교통법 제26조 제4항은 교통정리를 하고 있지 아니하는 교차로에서 좌회전하려는 차량은 그 교차로에서 우회전하려는 다른 차가 있을 때에는 그 차에 진로를 양보하여야 한다고 규정하여 우회전 차량에게 진행의 우선권을 인정하고 있다. 다만 우회전하는 차량도 교차로에서 진행하는 다른 차량에 주의하여 진행하여야 하는 점을 고려하여 양 차량의 기본과실을 60:40으로 정하였다.","차18-2","NaN","⊙대좌회전·대우회전은 교차로통행방법을 위반하고 사고위험을 가중하는 행위이므로 이를 위반한 차량의 과실을 가산할 수 있다. 제1장. 자동차와 보행자의 사고 제3장. 자동차와 자전거(농기계 포함)의 사고 목차","NaN","NaN"
90,"⊙신호기에 의해 교통정리가 이루어지고 있지 않는 교차로에서 좌(우)회전을 하기 위해 중앙 (오른쪽단)으로 다가서는데 지장이 없는 도로임에도 미리 중앙(오른쪽단)에 붙지 않고 좌(우)회전을 하는 B차량과 같은 도로 동일방향에서 B차량의 좌(우)측으로 후행 직진 하는 A차량이 충돌한 사고이다.","⊙도로교통법 제25조 제1항에 따라 우회전차량은 미리 도로의 오른쪽 가장자리를 서행하면 서 우회전하여야 하고, 같은 조 제2항에 따라 좌회전차량은 미리 도로의 중앙선을 따라 서 행하면서 교차로의 중심 안쪽을 이용하여 좌회전하여야 하는데, 좌(우)회전을 하려는 B차 량이 미리 도로의 중앙 또는 오른쪽단에 붙지 않고 진행하다가 크게 좌(우)회전을 한 과실이 제1장. 자동차와 보행자의 사고 제3장. 자동차와 자전거(농기계 포함)의 사고 목차","차19-1","NaN","NaN","NaN","NaN"
91,"⊙양 차량이 교차로에서 동일방향으로 동시 또는 유사한 시각에 진행함에 있어, 크게 또는 작게 우회전을 하다가 오른쪽에서 진행하는 A차량과 왼쪽에서 진행하는 B차량이 충돌한 사고이다.","⊙동시 우회전 중 사고인 경우에는 도로교통법 제14조 제2항(차로 따라 통행), 제25조 제1항 (도로의 오른쪽 가장자리 서행 우회전) 등에 따라 오른쪽 가장자리로 우회전하는 A차량의 과실을 작게 보아 양 차량의 기본 과실비율을 40:60으로 정하였다.","차20-1","NaN","① 우회전을 하려는 경우에는 도로교통법 제25조 제1항에 따라 미리 도로의 오른쪽 가장 자리를 따라 서행하여야 하고, 도로교통법 제38조 제 1항에 따라 손이나 방향지시기 또는 제1장. 자동차와 보행자의 사고 제3장. 자동차와 자전거(농기계 포함)의 사고 목차","NaN","NaN"
92,"⊙선행 B차량이 우회전 대기 중인 상태에서 후행 A차량이 우측 공간으로 끼어들기하여 우회전 (대기)하다가 선행 B차량이 우회전하면서 접촉한 사고이다(우측 공간이 좁은 경우).","⊙도로교통법 제14조 제2항(차로 따라 통행), 제25조 제1항(도로의 우측 가장자리 서행), 제25조 제4항(우회전신호 선행차량 진행 방해 금지), 제26조 제1항(선진입차량에 양보)에 따라 차량이 단일차로에서 선·후행으로 진행하다가 후행 A차량이 먼저 빠져나가기 위해 우측으로 끼어들기 하여 우회전하던 중 접촉한 경우(선·후관계, 끼어들기 유사 사고), 후방 에서 우측으로 끼어들기한 A차량의 과실이 더 많은 것으로 판단하여, 선행 위치에서 우회 전한 B차량 30%, 후행 위치에서 끼어들기하면서 우회전한 A차량 70%로 기본과실을 정하였다. 제1장. 자동차와 보행자의 사고 제3장. 자동차와 자전거(농기계 포함)의 사고 목차","차20-2","NaN","NaN","NaN","NaN"
93,"⊙양 차량이 교차로에서 동일방향으로 동시 또는 유사한 시각에 진행함에 있어, 크게 또는 작게 좌회전을 하다가 왼쪽에서 진행하는 A차량과 오른쪽에서 진행하는 B차량이 충돌한 사고이다.","⊙동시 좌회전 중 사고인 경우에는 도로교통법 제14조 제2항(차로 따라 통행), 제25조 제2항 (교차로 중심 안쪽 서행 좌회전) 등에 따라 왼쪽의 안쪽 차량인 A차량에게 통행우선권을 주되 B차량이 좌회전시 왼쪽 A차량에 주의해야 하므로 양 차량의 기본 과실비율을 40:60 으로 정하였다. 제1장. 자동차와 보행자의 사고 제3장. 자동차와 자전거(농기계 포함)의 사고 목차","차21-1","NaN","NaN","NaN","NaN"
94,"⊙중앙선이 설치되어 있는 도로에서 직진하는 A차량과 맞은편 주행방향에서 진행하다가 중앙선을 침범하여 역주행하는 B차량이 충돌한 사고이다.","⊙맞은편 주행방향에서 직진하던 B차량이 중앙선을 침범하여 정상 직진 중인 A차량을 충돌한 사고로서, A차량에게는 사고에 관한 예측가능성과 회피가능성이 없으므로 중앙선 침범 차량인 B차량의 일방과실로 보아 양 차량의 비율을 0:100으로 정하였다. 제1장. 자동차와 보행자의 사고 제3장. 자동차와 자전거(농기계 포함)의 사고 목차","차31-1","NaN","NaN","NaN","NaN"
95,"⊙중앙선이 설치되어 있는 도로(차도)를 진행하는 A차량과 도로(차도)가 아닌 장소에서 중앙선을 넘어 좌회전을 하여 A차량이 진행하는 도로(차도)로 진입하는 B차량이 충돌한 사고이다.","⊙차도가 아닌 장소에 있는 차량이 중앙선을 넘어와 좌회전하다가 반대차선에서 진행중인 직진차량과 충돌한 경우에는 중앙선 침범사고에 해당하므로, 차도가 아닌 장소에 있던 차량인 B차량의 일방과실로 보아 양 차량의 기본 과실비율을 0:100으로 정한다.","차31-2","NaN","① 차도가 아닌 장소에 있는 차량이 도로에 진입하기 위해서 좌회전을 완료하자마자 사고가 발생한 경우로서 차도가 아닌 장소에 있던 차량인 B차량의 과실을 10%까지 감산할 수 있다. ⊙제3편 제2장 3. 수정요소의 해설 부분을 참조한다. 제1장. 자동차와 보행자의 사고 제3장. 자동차와 자전거(농기계 포함)의 사고 목차","NaN","NaN"
96,"⊙중앙선이 설치되어 있는 도로에서 직진 중인 A차량과 맞은편에서 주행방향에서 진행 하다가 중앙선을 넘어 유턴하거나 도로가 아닌 장소로 좌회전하는 B차량이 충돌한 사고이다.","⊙신뢰의 원칙상 중앙선을 침범한 B차량의 과실이 매우 중하고, 차도가 아닌 장소에 마을 입구, 주유소, 음식점 등이 있다는 사유만으로 B차량의 중앙선 침범이 허용되는 것은 아니며, B차량의 중앙선 침범에 대한 A차량의 예측가능성과 회피가능성이 현저히 낮다는 점을 고려하여 B차량의 일방과실로 보아 양 차량의 기본 과실비율을 0:100으로 정한다.","차31-3","NaN","⊙제3편 제2장 3. 수정요소의 해설 부분을 참조한다. 제1장. 자동차와 보행자의 사고 제3장. 자동차와 자전거(농기계 포함)의 사고 목차","NaN","NaN"
97,"⊙중앙선이 설치되어 있는 도로에서 정차 후 후진중인 A차량과 맞은편에서 주행방향으로 진행하다가 중앙선을 넘어 불법좌회전(또는 유턴)하는 B차량이 충돌한 사고이다. ⊙중앙선의 의미는 추월을 위해 안전에 주의하여 침범할 수 있지만(실선은 원칙적으로 금지 됨) 즉시 본래차로로 복귀해야 한다는 것이므로, 도로에 설치된 중앙선이 실선이든 점선이든 상관없이 적용된다.","⊙도로교통법 제18조 제1항에 따라 차마의 운전자는 다른 차마의 정상적인 통행을 방해할 우려가 있는 경우에는 차마를 운전하여 도로를 횡단하거나 유턴하여서는 아니 될 주의 의무가 있고, 특히 맞은편에서 주행방향으로 진행하는 차량이 없다고 하더라도 B차량의 중앙선 침범이 허용되는 것은 아니므로 중앙선을 넘어 불법좌회전(유턴)을 한 B차량의 과실이 중하다고 할 것이지만, 또한 차마의 운전자는 다른 차마의 정상적인 통행을 방해할 우려가 있는 경우에는 차마를 운전하여 도로를 후진하여서는 아니 될 주의의무가 있고, 제1장. 자동차와 보행자의 사고 제3장. 자동차와 자전거(농기계 포함)의 사고 목차","차31-4","NaN","NaN","NaN","NaN"
98,"⊙도로에 중앙선이 설치되어 있지 않고 좁은 도로폭 등으로 인해 양 차량이 계속 주행하기 위해 부득이 가상의 중앙선을 넘어가야 하는 골목길 또는 이면도로에서 서로 마주오던 A차량과 B차량이 교행하다가 충돌한 사고 이다.","⊙좁은 도로 폭이나 도로 양쪽의 주차차량들로 인해 양 차량의 교행이 쉽지 않은 이면도로 에서는 양 차량 모두 가상의 중앙선을 넘나들면서 주행하는 경우가 많고, 통상의 차량운전자 라면 이러한 사정을 충분히 예상하면서 미리 교행이 원활한 지점에서 양보하는 등 교행에 대비하여 운전해야 하므로 양 차량 모두 양보운전의무를 위반한 과실은 동일하다는 점을 고려하여 양 차량의 기본 과실비율을 50:50으로 정한다. 제1장. 자동차와 보행자의 사고 제3장. 자동차와 자전거(농기계 포함)의 사고 목차","차32-1","NaN","NaN","NaN","NaN"
99,"NaN","NaN","차33-1","NaN","NaN","NaN","NaN"
100,"NaN","NaN","차33-2","NaN","NaN","NaN","NaN"
101,"⊙도로(고속도로 및 자동차전용도로 포함)를 후행하여 진행하는 A차량(뒤차)이 동일방향 에서 선행하는 B차량(앞차)을 추돌한 사고이다.","⊙추돌사고의 경우 기본적으로 선행차량인 피추돌차량은 과실이 없고, 추돌차량의 전방주시 태만 및 안전거리 미확보로 인하여 발생하므로 추돌차량의 일방과실로 보아 양 차량의 기본 과실비율을 100:0으로 정하였다. 제1장. 자동차와 보행자의 사고 제3장. 자동차와 자전거(농기계 포함)의 사고 목차","차41-1","NaN","NaN","NaN","NaN"
102,"⊙일반 도로 및 고속도로(자동차전용도로 포함)에서 A차량이 진행 중 전방에서 선행사고 후 사고처리가 완료되지 않아 도로상에 주·정차하고 있는 B차량을 추돌한 사고이다.","⊙일반 도로에서의 추돌사고는 추돌한 차량의 전방주시의무 위반과 안전거리 미확보(도로 교통법 제19조 제1항)로 인하여 발생하는 것이 일반적이므로 뒤에서 추돌한 A(추돌차)와 앞에서 추돌을 당한 B(피추돌차)의 기본 과실비율을 80:20으로 정한다.","차42-1","NaN","⊙수정요소는 아래 ① 내지 ④를 거쳐서 B의 과실이 인정되어 A의 비율이 100미만이 될 경우에 한하여 A의 과실 사유를 가산한 뒤 최종 비율을 확정한다. 유의할 점은 ② 또는 ③ 제1장. 자동차와 보행자의 사고 제3장. 자동차와 자전거(농기계 포함)의 사고 목차","NaN","NaN"
103,"⊙일반 도로의 가장자리(갓길 포함) 또는 도로와 보도의 가장자리에 동시에 걸치고 주·정차 중인 A차량을 동일방향에서 후행하여 진행하는 B차량이 추돌한 사고이다.","⊙추돌사고의 경우 기본적으로 선행차량인 피추돌차량은 과실이 없고, 추돌차량의 전방 주시태만 및 안전거리 미확보로 인하여 발생하므로 추돌차량의 일방과실로 보아 양 차량의 기본 과실비율을 0:100으로 정하였다.","차42-2","NaN","⊙A의 수정요소를 먼저 가감하고 B의 비율이 100미만이 될 경우에 한하여 B의 과실을 가산 하여 최종 비율을 확정한다. ① 폭우, 진한 안개, 야간에 가로등이 없어서 어두운 곳에서는 추돌차량이 주·정차 중인 차량을 발견하기가 용이하지 않으므로 피추돌차량인 A차량의 과실을 가산할 수 있다. 제1장. 자동차와 보행자의 사고 제3장. 자동차와 자전거(농기계 포함)의 사고 목차","NaN","NaN"
104,"⊙고속도로(자동차전용도로 포함) 등에서 갓길에 주(정)차인 B차량을 동일방향에서 후행 하여 주행하는 A차량이 추돌한 사고이다.","⊙도로교통법 제60조 제1항에 따라 자동차의 고장 등 부득이한 사유가 있는 경우에만 갓길을 통행할 수 있으므로 갓길에 정차한 차량이 위와 같은 부득이한 사정이 있는 경우를 B차량 측이 입증했음을 전제로 피추돌차량이 사고에 관한 예견 및 회피가능성을 인 정하기 어려우므로 추돌차량인 A차량의 일방과실로 보아 양 차량의 기본 과실비율을 100:0으로 정한다.","차42-3","NaN","⊙B의 수정요소를 먼저 가산하고 A의 비율이 100미만이 될 경우에 한하여 A의 과실을 가산 하여 최종 비율을 확정한다. 제1장. 자동차와 보행자의 사고 제3장. 자동차와 자전거(농기계 포함)의 사고 목차","NaN","NaN"
105,"⊙일반 도로 및 고속도로(자동차전용도로 등 포함)의 차로가 감소하거나 합류하는 지점에서 본선을 진행하는 A차량과 진로를 변경하여 본선에 합류하는 B차량이 충돌한 사고이다.","⊙차로가 감소하는 지점에서는 합류차량과 본선차량 모두 차로 감소를 예상하여 운행에 주의를 기울여야 하지만, 진입하는 합류차량이 직진 중인 본선차량보다 더 주의해야 한다는 점을 감안하여 양 차량의 기본 과실비율을 40:60으로 정한다.","차43-1","NaN","⊙현저한 과실과 중대한 과실 등은 제3편 제2장 3. 수정요소의 해설 부분을 참조한다. 제1장. 자동차와 보행자의 사고 제3장. 자동차와 자전거(농기계 포함)의 사고 목차","NaN","NaN"
106,"⊙도로를 선행하여 진행하다가 차로를 변경하는 B차량과 동일방향에서 후행하여 직진하는 A차량이 충돌한 사고이다.","⊙차로(진로)를 변경하려는 선행 차량은 변경하려는 곳의 후행 차량과 충분한 거리를 확보 해야 하며(도로교통법 제19조 제3항 및 대법원 1986.12.9. 선고 86다카1551 판결), 후행 차량의 위험을 초래하지 않도록 차량의 조향장치와 제동장치를 정확히 조작해야 하므로 (도로교통법 제19조 제3항 및 대법원 2010.11.25. 선고 2010도7009 판결), 선행 차로변 경 (진로변경) 차량의 과실이 더 크나, 후행 차량도 운전시 항상 전방주시를 하여 선행차량 의 차로변경(진로변경)시 감속 또는 제동 등을 통해 사고가 발생하지 않도록 할 주의의무가 있으므로 (도로교통법 제48조 제1항 및 서울중앙지방법원 2018.5.29 선고 2018나1901 구상금 판결), 이 사고의 기본 과실비율은 30:70로 정한다. 제1장. 자동차와 보행자의 사고 제3장. 자동차와 자전거(농기계 포함)의 사고 목차","차43-2","NaN","NaN","NaN","NaN"
107,"⊙오른쪽 3차로에서 2차로로 진로변경을 하는 A차량과 왼쪽 1차로에서 2차로로 진로변경을 하는 B차량이 충돌한 사고이다.","⊙양 차량이 좌우에서 동시에 진로변경을 하던 중에 발생한 사고로서 양 차량 모두 진로변경 방법 위반의 과실이 있는 것이므로 양 차량의 기본 과실비율을 동등하게 보아 50:50으로 정한다.","차43-3","NaN","① 차량이 정체차로에서 대기 중 진로변경을 하는 경우에는 보통 갑자기 진로변경을 하게 되어 상대 차량이 그 차량의 진로변경을 예측하기가 어렵고, 대기 중 진로변경차량의 주행 속도가 현격히 느려 상대적으로 속도가 빠른 상대차량과 충돌가능성이 높다는 점을 고려 과실을 10%까지 가산할 수 있다. 제1장. 자동차와 보행자의 사고 제3장. 자동차와 자전거(농기계 포함)의 사고 목차","NaN","NaN"
108,"⊙좌회전 차로인 1차로에서 대기 중인 A차량이 직진 차로인 2차로로 진로변경을 하다가 2차로 에서 직진하는 B차량의 측면을 충돌한 사고이다.","⊙A차량은 도로교통법 제19조 제3항에 정한 진로변경방법을 위반하여 사고를 일으킨 점, B차량으로서는 A차량이 좌회전 차로에서 대기 중에 갑자기 2차로로 진로변경을 할 것 으로 예측하기는 어려운 점, A차량의 오른쪽 앞부분으로 B차량의 왼쪽 옆부분을 충돌 한 점을 종합하면, B차량의 불가항력적인 사고라고 보아 양 차량의 기본 과실비율을 100:0으로 정한다.","차43-4","NaN","⊙현저한 과실과 중대한 과실 등은 제3편 제2장 3. 수정요소의 해설 부분을 참조한다. 제1장. 자동차와 보행자의 사고 제3장. 자동차와 자전거(농기계 포함)의 사고 목차","NaN","NaN"
109,"⊙A차량과 B차량이 한 개 차로에서 선후행으로 진행하다가 후행하던 A차량이 먼저 진로 변경을 개시한 상태에서 선행하던 B차량도 동일 방향으로 진로변경하면서 A차량과 B차량 이 충돌한 사고이다. ⊙선행 B차량이 먼저 진로변경 개시하였음에도 후행 A차량이 전방주시를 태만히 하고 안전 거리를 미확보하여 위험하게 추월 진행하려다가 발생한 사고에 대해서는 위 기준을 적용 하지 아니한다.","⊙후행하던 A차량이 먼저 진로변경을 개시하였으나 선행하던 B차량도 같은 방향으로 진로 변경을 하면서 양 차량이 충돌한 경우 B차량이 진로변경하여 진입하려는 차로에 선진입 하여 진행하는 A차량을 살피지 못한 과실이 인정되나 A차량도 선행하는 B차량의 동태 를 살피며 B차량을 추월할 전방주시의무가 요구되는 점을 고려하여 양 차량의 과실비율 을 40:60으로 정하였다. 제1장. 자동차와 보행자의 사고 제3장. 자동차와 자전거(농기계 포함)의 사고 목차","차43-5","NaN","NaN","NaN","NaN"
110,"⊙일반도로, 고속도로 등(자동차전용도로 포함)에서 선행 중 갓길로 진로변경을 하던 A차량과 갓길에서 후행 직진 중인 B차량이 충돌한 사고이다.","⊙충돌 당시 양 차량 모두 통행이 금지되어 있는 갓길로 진행한 잘못이 있으나, A차량은 진로 변경을 하여 갓길로 진입하려는 차량이고 B차량은 이미 갓길에서 진행중임을 고려하여 양 차량의 기본 과실비율을 60:40으로 정한다.","차43-6","NaN","① 도로교통법 제38조 제1항에 따라 진로변경시 미리 방향지시등을 작동하여 후행차량에게 알려야 하는데, 이러한 신호를 불이행하거나 지연한 경우 A차량의 과실을 10%까지 가산 할 수 있다. 제1장. 자동차와 보행자의 사고 제3장. 자동차와 자전거(농기계 포함)의 사고 목차","NaN","NaN"
111,"NaN","NaN","차43-7","NaN","NaN","NaN","NaN"
112,"⊙중앙선이 설치되어 있는 도로(차도)를 진행하는 A차량과 도로(차도)가 아닌 장소에서 우회 전을 하여 A차량이 진행하는 차도로 진입하고 있는 B차량이 충돌한 사고이다.","⊙도로교통법 제18조 제3항에 따라 차도가 아닌 장소에 있는 차량은 도로 진입시 일단 정지 후 안전여부를 충분히 확인하면서 서행하여야 할 의무를 지고 있지만, 도로에서 진행하는 직진차량도 차도가 아닌 장소에서 도로로 진입하는 차량의 유무와 동태를 주시하여야 할 기본적인 의무가 있다는 점을 고려할 때, 차도가 아닌 장소에 있던 차량인 B차량이 우회전을 하여 양 차량의 기본 과실비율을 20:80으로 정한다. 제1장. 자동차와 보행자의 사고 제3장. 자동차와 자전거(농기계 포함)의 사고 목차","차44-1","NaN","NaN","NaN","NaN"
113,"⊙신호기에 의해 교통정리가 이루어지고 있는 교차로에서 직진 및 좌회전 신호에 따라 1차로 에서 선행하여 좌회전을 하는 B차량과 B차량의 후방에서 중앙선을 침범하여 B차량을 추월하던 A차량이 충돌한 사고이다.","⊙도로교통법 제22조 제3항에 따라 교차로에서의 앞지르기는 금지되어 있는데, A차량이 선행차량인 B차량을 추월하고자 중앙선을 침범한 후 교차로 내에서 추월을 시도한 반면, B차량은 선행차량으로서 좌회전신호에 정상적으로 좌회전을 하였으며 A차량이 중앙선을 침범하여 불법적으로 추월을 시도할 것으로 예상하기는 어려웠을 것이므로, A차량의 일방 과실로 보아 양 차량의 기본 과실비율을 100:0으로 정한다. 제1장. 자동차와 보행자의 사고 제3장. 자동차와 자전거(농기계 포함)의 사고 목차","차45-1","NaN","NaN","NaN","NaN"
114,"⊙교차로에서 우회전하려는 B차량과 같은 차로 동일방향에서 B차량의 후방에서 후행하다 가 B차량이 우회전을 위하여 감속하자 B차량의 우측 좁은 공간으로 급진로변경하여 진입 하며 추월하려던 A이륜차가 충돌한 사고이다.","⊙동일차로 내에서 A이륜차가 B차량 후방에서 차로 중앙을 따라 주행하다가 선행 B차량 이 회전을 위하여 감속하자 B차량을 추월하기 위하여 차로 우측편으로 이동하며 B차량 의 우측 좁은 공간으로 급진입하는 경우 B차량으로서는 A이륜차의 진입을 미리 예상하 거나 발견하기 어려우므로 우측으로 급진로변경 추월한 A이륜차의 과실이 중하나, 교 차로에서 우회전하려는 B차량도 미리 도로의 우측단으로 접근하여 가장자리를 따라 우 회전하여야 하는데 우회전하는 B차량 우측편으로 A이륜차가 진입할 공간이 남아있음 에도 B차량이 우측 공간으로 진입한 A이륜차에 주의하지 못한 점을 고려하여 기본과실 을 90:10으로 정하였다. 제1장. 자동차와 보행자의 사고 제3장. 자동차와 자전거(농기계 포함)의 사고 목차","차45-2","NaN","NaN","NaN","NaN"
115,"⊙앞지르기(추월)가 금지된 도로에서 선행하는 A차량과 동일방향에서 후행하다가 A차량을 추월하면서 A차량의 전방으로 진입(앞지르기) 하려는 B차량이 충돌한 사고이다.","⊙도로교통법 제22조 제3항에 의한 앞지르기 금지 장소에서의 추월행위는 피추월차량의 예측가능성과 회피가능성이 현저히 낮기 때문에 추월차량인 B차량의 일방과실로 보아 양 차량의 기본 과실비율을 0:100으로 정하였다.","차45-3","NaN","⊙현저한 과실과 중대한 과실은 제3편 제2장 3. 수정요소의 해설 부분을 참조한다. 제1장. 자동차와 보행자의 사고 제3장. 자동차와 자전거(농기계 포함)의 사고 목차","NaN","NaN"
116,"⊙차량정체중인 도로에서 후방에 있던 A차량이 먼저 중앙선을 침범하여 추월을 하는 중에 전방에 있던 B차량이 뒤늦게 중앙선 침범하여 추월을 시도하다 충돌한 사고이다.","⊙기본적으로 양 차량 모두 중앙선을 침범한 과실이 있지만, 후방차량이 전방차량에 비하여 주변 시야가 넓게 확보되어 있고 전방의 교통상황을 살피기가 용이하므로 후방차량인 A차 량의 과실을 크게 볼 수 있다는 점, 전방차량인 B차량은 후사경을 통해 중앙선을 넘어 역주행 하는 A차량을 미리 발견할 수 있었다는 점 및 중앙선을 넘어 역주행을 하는 경우에는 교통 사고를 발생시키거나 대형사고를 유발할 가능성이 매우 큰 위험한 운행이므로 갓길 주행 이나 버스전용차로 주행과는 달리 보아야 한다는 점을 고려하여, 양 차량의 기본 과실비율을 60:40으로 정한다. 제1장. 자동차와 보행자의 사고 제3장. 자동차와 자전거(농기계 포함)의 사고 목차","차45-4","NaN","NaN","NaN","NaN"
117,"⊙중앙선이 점선인 도로의 차로 중앙에서 정상 직진 중인 A차량과 동일방향에서 후행하다가 A차량의 근접거리에서 전방 우측으로 차도가 아닌 장소로 진출, 회전 등을 하고자 중앙선을 넘어 A차량을 추월하면서 A차량 전방으로 진입하는 B차량이 충돌한 사고이다.","⊙도로교통법 제21조 제3항에 정한 앞지르기 방법을 위반한 추월차량의 과실이 중대하고, 피추월차량의 예측가능성과 회피가능성이 현저히 낮다는 점에 비추어 추월차량인 B차량의 일방과실로 보아 양 차량의 기본 과실비율을 0:100으로 정하였다.","차45-5","NaN","① 도로교통법 제20조 제1항에 따라 피추월차량이 추월차량보다 계속하여 느리게 진행하 고자 할 때에는 도로의 오른쪽 가장자리로 피하여 진로를 양보하여야 할 의무가 있는데, 제1장. 자동차와 보행자의 사고 제3장. 자동차와 자전거(농기계 포함)의 사고 목차","NaN","NaN"
118,"⊙동일 방향, 동일 차로로 진행하던 양 차량 중 후행하던 A차량이 진로변경이 금지되어 있는 백색 실선구간에서 진로변경을 하여 선행차량인 B차량을 추월하여 선행차량 앞으로 다시 진로변경(앞지르기)을 하는 A차량과 자신의 차로에서 계속 직진 중인 B차량이 충돌한 사고이다.","⊙A차량은 도로교통법 제19조 제3항에 정한 진로변경방법 및 동법 제21조에 정한 앞지르기 방법을 모두 위반하였을 뿐만 아니라 진로변경이 금지되어 있는 흰색 실선구간에서 선행 차량인 B차량을 추월하여 그 앞으로 진로변경을 하다가 B차량을 충돌한 사고이므로 A차량의 일방과실로 보아 양 차량의 기본 과실비율을 100:0으로 정한다. 제1장. 자동차와 보행자의 사고 제3장. 자동차와 자전거(농기계 포함)의 사고 목차","차45-6","NaN","NaN","NaN","NaN"
119,"⊙(가) 교차로 유턴허용구역에서 선행하여 유턴중인 A차량과 후행하는 B차량이 급 유턴을 하던 중에 충돌한 사고이다. ⊙(나) 교차로 유턴허용구역에서 선행 A차량과 후행 B차량이 동시에 유턴을 하던 중에 충돌한 사고이다.","⊙(가) 유턴구역에서 정상적으로 유턴을 하는 선행차량은 후행차량이 후방에서 일시정지 또는 대기하고 있다가 먼저 유턴하려고 갑자기 유턴을 시도하여 앞으로 나올 것이라고 예상하기는 어려우므로 양 차량의 기본 과실비율을 0:100으로 정한다. 제1장. 자동차와 보행자의 사고 제3장. 자동차와 자전거(농기계 포함)의 사고 목차","차46-1","NaN","NaN","NaN","NaN"
120,"⊙교차로에서 우회전 또는 직선도로에서 직진할 예정인 B차량이 전방 또는 오른쪽 차로에서 정차중인 A차량으로 인하여 부득이하게 추월하여 우회전 또는 직진을 시도하던 중 갑자기 출발하는 A차량과 충돌한 사고이다.","⊙도로교통법 제21조 제4항에 따라 정차 후 출발하는 A차량은 우회전 또는 직진을 위해 추월 시도하는 B차량의 앞지르기를 방해하여서는 아니될 주의의무가 있고, 특히 정차 중 출발 시 전방주시의무를 위반하였으므로 A차량의 과실이 중하다고 할 것이지만, 우회전 또는 직진하여 추월을 시도한 B차량의 과실도 인정된다는 점을 감안하여 양 차량의 기본 과실비율을 80:20으로 정한다. 제1장. 자동차와 보행자의 사고 제3장. 자동차와 자전거(농기계 포함)의 사고 목차","차47-1","NaN","NaN","NaN","NaN"
121,"⊙직선도로에서 B차량이 오른쪽 차로에 정차중인 A차량 앞으로 진로변경하던 중 출발하는 A차량과 충돌한 사고이다.","⊙도로교통법 제21조 제4항에 따라 정차 후 출발하는 A차량은 B차량의 앞지르기를 방해 하여서는 아니 될 주의의무가 있고, 특히 후행 B차량은 A차량의 정차사실을 신뢰한 채 운행하던 중이므로 정차한 후 전방 및 좌우주시의무를 위반한 채 만연히 출발하는 선행 A차량의 과실이 중하다고 할 것이지만, B차량도 정차 차량의 동태를 살필 주의의무가 인정되는 점을 감안하여 양 차량의 기본과실을 70:30으로 정한다. 제1장. 자동차와 보행자의 사고 제3장. 자동차와 자전거(농기계 포함)의 사고 목차","차47-2","NaN","NaN","NaN","NaN"
122,"⊙직선도로에서 직진할 예정인 B차량이 전방 또는 오른쪽 버스정류장에서 정차중인 A차량을 추월하여 A차량 앞으로 진로 변경하여 직진을 시도하던 중 출발하는 A차량과 충돌한 사고이다.","⊙도로교통법 제21조 제4항에 따라 정차 후 출발하는 A차량과 직진을 위해 추월을 시도하는 B차량의 경우 양 차량 공히 주의의무가 있으나, ① 본 사고 유형의 경우 사고 지점이 승객 의 승하차를 위한 단시간 내의 정차 및 출발이 예정되어 있는 버스정류장 지점으로서, 정차 및 출발시점을 예측하기 어려운 일반 도로상 일반차량의 정차후 출발사고와는 사고 유형 이 다르다는 점, ② 정차후 출발하는 버스로서는 급제동시 승객의 전도사고 위험성이 상당 히 높아 버스는 즉각적인 제동조치 등이 어려운 점 등 감안하면, 정류장에서 승객의 승하차를 위해 정차중인 버스차량 앞으로 추월하며 진로변경하는 B차량에게 더 많은 주의의무가 요구되는 점을 감안하여 양 차량의 기본과실을 40:60으로 정한다. 제1장. 자동차와 보행자의 사고 제3장. 자동차와 자전거(농기계 포함)의 사고 목차","차47-3","NaN","NaN","NaN","NaN"
123,"⊙일반 도로 및 고속도로나 자동차전용도로 등 차량이 운행하는 도로에서 후행하는 A차량이 동일방향에서 선행하는 B차량에서 떨어진 낙하물을 충격한 사고이다.","⊙도로교통법 제39조 제4항에 따라 차량의 화물이 떨어지지 아니하도록 덮개를 씌우거 나 묶는 등 확실하게 고정될 수 있도록 필요한 조치를 하여야 할 의무가 있고, 도로를 진 행하는 후행차량이 선행차량에서 떨어지거나 도로상에 이미 떨어져 있는 낙하물에 대한 예견가능성과 회피가능성이 현저히 낮으므로 선행차량의 일방과실로 보아 양 차량의 기본 과실비율을 0:100으로 정한다. 제1장. 자동차와 보행자의 사고 제3장. 자동차와 자전거(농기계 포함)의 사고 목차","차48-1","NaN","NaN","NaN","NaN"
124,"⊙주차장 내에서 통행로를 주행하는 A차량과 주차구역에서 전진 내지 후진하여 통행로로 출차하는 B차량이 충돌한 사고이다.","⊙주차장 내에서 통행로를 진행 중인 차량과 주차구역에서 주차하였다가 통행로로 출차하는 차량 사이의 사고로서 도로교통법 제18조 제3항의 도로가 아닌 장소에서 도로로 진입 중 사고와 유사하므로 차44-1 기준을 준용하되, 주차구역에서 출차하는 차량을 충분히 예상 할 수 있는 주차장이라는 특성을 감안하여 B차량의 과실을 10% 감산하여 양 차량의 기본 과실비율을 30:70으로 정하였다. 제1장. 자동차와 보행자의 사고 제3장. 자동차와 자전거(농기계 포함)의 사고 목차","차51-1","NaN","NaN","NaN","NaN"
125,"⊙주차구획으로 주차를 하기 위해 후진으로 선행 진입을 시도 중인 A차량의 회전반경 내로 후행하던 B차량이 추월하다가 충돌한 사고이다.","⊙주차장은 기본적으로 주차를 위한 시설인바, 선행 A차량의 주차구획 진입동작이 후행 B차량에 의하여 인식 가능한 상태(비상등 점멸, 방향지시등 작동, 후진등 점등 또는 선행 A차량의 방향상태 등)에 있음을 전제로 주차구획 진입동작을 우선시하여, 후행 B차량의 경우 주차공간을 물색하는 선행 A차량을 뒤따라 진행하는 차량으로서는 항시 주차공간으로 진 입할 것을 예상하여 최소한의 회전반경 내에 접근하지 않을 주의의무가 있음에도 잠시 양보하지 않고 곧바로 뒤따라 우측 방향으로 앞지르기 진행한 점을 고려하여, 양 차량의 기본과실을 40:60으로 정한다. 제1장. 자동차와 보행자의 사고 제3장. 자동차와 자전거(농기계 포함)의 사고 목차","차51-2","NaN","NaN","NaN","NaN"
126,"⊙B차량이 도로(갓길 포함)에서 주·정차 중에 좌(우)측 문을 열면서 동일 방향 후방에서 진행 해오는 A차량과 B차량의 문이 충돌한 사고이다.","⊙문이 열리는 차량은 문을 열기 전에 후행 차량의 유무 등 안전을 확인해야 할 주의의무가 있으므로 문 열리는 차량인 B차량의 과실이 매우 중하다고 할 것이지만, 후행 차량도 도로 가장 자리에 주·정차한 차량에서 운전자나 탑승객이 내리기 위해 문을 열 가능성을 염두에 두고 전방주시를 철저히 하면서 서행할 의무가 있다는 점을 감안하여 양 차량의 기본 과실 비율을 20:80으로 정하였다. 제1장. 자동차와 보행자의 사고 제3장. 자동차와 자전거(농기계 포함)의 사고 목차","차52-1","NaN","NaN","NaN","NaN"
127,"⊙신호등이 설치된 교차로에서 횡단보도 보행자 적색신호에 횡단하는 A이륜차량과 신호에 따라 정상 직진(좌회전)하는 B차량이 충돌한 사고이다. A차량이 승용차인 경우도 준용한다.","⊙신호기가 있는 교차로에서 신호는 양 차량 운전자가 신뢰하는 것으로, B차량은 A차량이 신호를 위반하여 보행자 횡단보도를 보행자 적색신호에 횡단할 것을 예상하고 주의해야 할 이유가 없으므로 A차량의 일방과실(100:0)로 정한다.","차53-1","NaN","⊙양 차량의 현저한 과실 내지 중과실은 양 차량 진입 시점, 양 차량 진행 속도, 기타 충격부위 등 여러 사정을 비교하여 가감산할 수 있다. 제1장. 자동차와 보행자의 사고 제3장. 자동차와 자전거(농기계 포함)의 사고 목차","NaN","NaN"
128,"⊙1차로형 회전교차로에서, 먼저 진입하여 회전교차로 내에서 회전 중인 A차량과 회전교차 로로 진입하는 B차량과 충돌한 사고이다. ⊙2차로형 이상의 회전교차로의 경우, 먼저 진입하여 ‘회전교차로 내 우측 가장자리 차로’에서 회전 중인 A차량과 회전교차로로 진입하는 B차량과 충돌한 사고이다. 기본 과실비율 ⊙도로교통법 제25조의2 제2항에 따라 이미 회전교차로에 진입하여 회전차로를 주행 중인 A차량에 통행우선권이 있고, 회전교차로에 진입하는 B차량은 회전 중인 차량의 진행을 방해하지 않도록 양보할 의무가 있으며, 도로교통법 제48조 제1항에 따라 회전 중인 A차량도 진입차량의 주행에 주의하여 사고예방을 위해 감속 또는 제동을 해야하는 안전 운전 의무가 있으므로 양 차량이 기본 과실비율을 20:80으로 정한다. 제1장. 자동차와 보행자의 사고 제3장. 자동차와 자전거(농기계 포함)의 사고 목차","NaN","차54-1","NaN","NaN","NaN","NaN"
129,"⊙2차로형 회전교차로에서 내부 1차로를 회전 중인 A차량과 회전교차로 내부 2차로를 거쳐 1차로까지 크게 진입(대진입)하는 B차량이 충돌한 사고이다. ⊙3차로 이상 회전교차로에서도 준용된다.","⊙회전교차로에서는 도로교통법 제25조의2 제2항에 따라 회전차량에게 통행우선권이 주어져 있고, 진입차량의 경우 서행 및 양보 의무가 있으며, 급진로변경과 유사한 형태 라는 점을 고려하여 대진입하는 B차량의 과실을 가중하여 양 차량의 기본 과실비율을 10:90으로 정한다. 제1장. 자동차와 보행자의 사고 제3장. 자동차와 자전거(농기계 포함)의 사고 목차","차54-2","NaN","NaN","NaN","NaN"
130,"⊙2차로형 교차로에서 내부 1차로를 주행하다 2차로로 진출하려는 A차량과 회전교차로로 진입하려는 B차량과의 사고이다. ⊙3차로 이상 회전교차로에서도 준용된다.","⊙회전교차로의 경우 도로교통법 제25조의2 제2항에 따라 진입차량은 진입 시 양보 의무가 명시적으로 규정되어 있어 회전차량에 통행우선권이 주어져 있으나, 회전차량도 진입 하는 차량이 있는지 주의하며 진로변경해야 하므로, 양 차량의 기본 과실비율을 30:70 으로 정한다.","차54-3","NaN","⊙현저한 과실과 중대한 과실은 제3편 제2장 3. 수정요소의 해설 부분을 참조한다. 제1장. 자동차와 보행자의 사고 제3장. 자동차와 자전거(농기계 포함)의 사고 목차","NaN","NaN"
131,"⊙2차로형 회전교차로에서 회전하다가 우측으로 진출하기 위해 진로변경 중인 A차량과 교차로 내에서 회전 중인 B차량이 충돌한 사고이다. ⊙3차로 이상 회전교차로에서도 준용된다.","⊙회전교차로에서는 진출을 위하여 언제든지 진로변경을 할 가능성이 높다는 점이 예견가능 하고, 또한 같이 회전하고 있는 차량끼리 양보 의무가 가중된다고 할 수 있으므로, 일반적인 진로변경 사고보다 진로변경차량의 과실비율을 약간 낮춰서 양 차량의 기본 과실비율을 60:40으로 정한다. 제1장. 자동차와 보행자의 사고 제3장. 자동차와 자전거(농기계 포함)의 사고 목차","차54-4","NaN","NaN","NaN","NaN"
132,"⊙회전 2차로형 이상 회전 교차로 안으로 양 차량이 동시에 진입하면서, 1차로(좌측)에서 진입하는 A차량과 2차로(우측)에서 진입하는 B차량이 충돌한 사고이다.","⊙양 차량이 회전교차로에 동시에 진입하는 상황으로서 교통안전을 위해 1차로에서 진입한 A차량은 회전 1차로로 진입해야 하므로 우측에서 진입하는 B차량을 살펴야 하고, B차량 역시 좌측에서 교차로 내로 동시 진입하는 A차량을 살펴야 하므로 회전 교차로 진입시 서로 양보할 의무가 있다. 도로교통법 제26조 제3항을 준용 및 회전 교차로 진입 특성상 우조향하면서 반시계방향으로 진행해야 하므로 좌측에 있는 A차량은 우측에 있는 B차량 에 좀 더 주의하여 진입하여야 하므로 양차량의 기본 과실비율을 60:40으로 정한다. 제1장. 자동차와 보행자의 사고 제3장. 자동차와 자전거(농기계 포함)의 사고 목차","차54-5","NaN","NaN","NaN","NaN"
133,"⊙신호가 있는 교차로에서 A차량은 정상신호에 직진하고 긴급자동차인 B차량은 적색신호에 직진하다 발생하는 사고이다.","⊙A차량은 도로교통법 제29조 제4항에 따라 긴급자동차에 진로를 양보해야 하는 의무가 있다. B차량은 긴급자동차의 우선통행에 대한 요건을 갖추어 주행한 것으로 신호위반 적용이 되지 않고(도로교통법 제30조 4호 참조), 도로교통법 제158조의2에 따라 형을 감경하거나 면제할 수 있다. 다만, B차량도 동법 제29조 제3항에 따른 주의의무가 있는 점을 고려하여 기본 과실비율을 60:40으로 정하였다. 제1장. 자동차와 보행자의 사고 제3장. 자동차와 자전거(농기계 포함)의 사고 목차","차55-1","NaN","NaN","NaN","NaN"
134,"⊙긴급자동차가 도로 중앙 또는 좌측(왼쪽)에서 진행 중 맞은편에서 정상적으로 주행하고 있던 A 차량과 충돌한 사고이다.","⊙A차량은 도로교통법 제29조 제4항에 따라 긴급자동차에 진로를 양보해야 하는 의무가 있 다. B차량은 긴급자동차의 우선통행에 대한 요건을 갖추어 주행한 것으로 도로의 중앙이 나 왼쪽 부분을 통행할 수 있고(도로교통법 제29조 1항 참조), 도로교통법 제158조의2에 따라 형을 감경하거나 면제할 수 있다. 다만, B차량도 동법 제29조 제3항에 따른 주의의무 가 있는 점을 고려하여 기본 과실비율을 60:40으로 정하였다.","차55-2","NaN","⊙긴급자동차는 도로교통법 제30조에 따라 ①속도 제한(다만, 17조에 따라 긴급자동차에 대 하여 속도 제한한 경우에는 예외 있음), ②앞지르기 금지, ③끼어들기 금지, ④신호위반, 제1장. 자동차와 보행자의 사고 제3장. 자동차와 자전거(농기계 포함)의 사고 목차","NaN","NaN"
135,"⊙긴급자동차인 B차량이 도로 중앙, 왼쪽에서 진행 중에, B차량 진행방향으로 정상 신호에 따라 유턴 또는 좌회전하는 A차량과 충돌한 사고이다.","⊙A차량은 도로교통법 제29조 제4항에 따라 긴급자동차에 진로를 양보해야 하는 의무가 있다. B차량은 긴급자동차의 우선통행에 대한 요건을 갖추어 주행한 것으로 도로의 중앙 이나 왼쪽 부분을 통행할 수 있고(도로교통법 제29조 1항 참조), 도로교통법 제158조의 2에 따라 형을 감경하거나 면제할 수 있다. 다만, B차량도 동법 제29조 제3항에 따른 주의 의무가 있는 점을 고려하여 기본 과실비율을 60:40으로 정하였다.","차55-3","NaN","⊙긴급자동차는 도로교통법 제30조에 따라 ①속도 제한(다만, 17조에 따라 긴급자동차에 대 하여 속도 제한한 경우에는 예외 있음), ②앞지르기 금지, ③끼어들기 금지, ④신호위반, 제1장. 자동차와 보행자의 사고 제3장. 자동차와 자전거(농기계 포함)의 사고 목차","NaN","NaN"
136,"⊙신호등 없는 대소로가 교차하는 교차로에서, 긴급자동차 B차량은 소로에서 대로로 진입 하였고, A차량은 대로에서 직진이나 좌회전 주행하던 중 충돌한 사고이다.","⊙운전자는 도로교통법상 교차로나 그 부근에서 긴급자동차 접근시 일시정지 할 의무가 있고 긴급자동차는 교차로 통행우선권이 있다.(제29조 제4항) ⊙A차량이 대로를 주행 중이라 하더라도 도로교통법에 따른 양보를 하지 아니한 과실이 중대하나, B차량도 동법 제29조 제3항에 따른 주의의무가 있는 점을 고려하여 양 차량의 기본 과실비율을 70:30으로 정한다. 제1장. 자동차와 보행자의 사고 제3장. 자동차와 자전거(농기계 포함)의 사고 목차","차55-4","NaN","NaN","NaN","NaN"
137,"⊙직선도로에서 선행 직진하는 A차량을 긴급자동차인 B차량이 긴급상황으로 추월하다가 발생한 사고이다.","⊙A차량은 도로교통법 제29조 제4항에 따라 긴급자동차에 진로를 양보해야 하는 의무가 있다. B차량은 긴급자동차의 우선통행에 대한 요건을 갖추어 주행한 것으로 긴급자동차는 도로교통법 제22조에서 금지하고 있는 앞지르기가 허용된다(도로교통법 제 30조 9호). 다만, B차량도 동법 제29조 제3항에 따른 주의의무가 있는 점을 고려하여 기본 과실비율을 60:40으로 정하였다.","차55-5","NaN","⊙긴급자동차는 도로교통법 제30조에 따라 ①속도 제한(다만, 17조에 따라 긴급자동차에 대 하여 속도 제한한 경우에는 예외 있음), ②앞지르기 금지, ③끼어들기 금지, ④신호위반, 제1장. 자동차와 보행자의 사고 제3장. 자동차와 자전거(농기계 포함)의 사고 목차","NaN","NaN"
138,"⊙직선도로에서 정상주행하는 A차량과 긴급상황으로 A차량 차로로 진로변경하는 긴급자동차 B차량이 충돌한 사고이다.","⊙A차량은 도로교통법 제29조 제4항에 따라 긴급자동차에 진로를 양보해야 하는 의무가 있다. B차량은 긴급자동차의 우선통행에 대한 요건을 갖추어 주행한 것으로 긴급자동차는 도로 교통법 제22조에서 금지하고 있는 앞지르기가 허용된다(도로교통법 제 30조 9호). 다만, B차량도 동법 제29조 제3항에 따른 주의의무가 있다. 긴급자동차가 A와 같은 방향으로 진행한다는 점에서 A가 회피하기도 쉬운데 일시정지 등을 통해 진로를 양보하지 아니한 과실이 크므로 기본 과실비율을 90:10으로 정하였다. 제1장. 자동차와 보행자의 사고 제3장. 자동차와 자전거(농기계 포함)의 사고 목차","차55-6","NaN","NaN","NaN","NaN"
139,"⊙직선 도로에서 긴급상황으로 직진하는 후행 긴급자동차 B차량과 B차량 차로로 진로변경 하는 선행 A차량이 충돌한 사고이다.","⊙A차량은 도로교통법 제29조 제5항에 따라 긴급자동차가 접근한 경우에는 긴급자동차가 우선통행 할 수 있도록 진로를 양보하여야 함에도 오히려 긴급자동차의 앞쪽으로 진로를 변경함으로써 통행을 방해하는 과실이 중하고, 진로변경하는 차량이 진로변경시 안전거리 확보, 차의 신호 등의 주의의무도 있는 점, B 차량은 긴급상황으로 인해 빠른 속도로 직진 하므로 자신의 앞으로 진로변경하는 차량을 회피하기 어렵다는 점 등을 고려하여 기본 과실비율을 100:0으로 정한다. 제1장. 자동차와 보행자의 사고 제3장. 자동차와 자전거(농기계 포함)의 사고 목차","차55-7","NaN","NaN","NaN","NaN"
140,"⊙신호기에 의해 교통정리가 이루어지고 있지 않고 교차로에서 차량 정체 중인 차량들의 우측과 차·보도의 경계선 또는 차도 우측 가장자리선과의 사이를 이용하여 직진하는 A이륜차와 같은 도로 맞은편 방향에서 좌회전을 하거나 또는 교차로에서 직진하여 정체 차량들 사이를 빠져나가려는 B차량이 충돌한 사고이다.","⊙A이륜차가 안전운전의무를 위반하여 정체차량들의 우측 공간을 이용하며 무리하게 교차 로에 진입한 과실이 매우 크나, 차량 정체 중인 상황에서 정체차량들 사이로 직진 또는 좌회전하여 신호기 없는 교차로를 통과하려는 B차량에도 주의의무가 있다는 점, 이륜차는 차량에 비하여 가해의 위험성이 상대적으로 낮으며, 사고 시 전도의 위험성이 높고 급정차 하기가 어려운 점을 감안하여 양측의 기본 과실비율을 70:30으로 정하였다. 제1장. 자동차와 보행자의 사고 제3장. 자동차와 자전거(농기계 포함)의 사고 목차","차61-1","NaN","NaN","NaN","NaN"
141,"⊙도로를 진행하다가 주차장, 주유소 등 “도로가 아닌 장소”로 가고자 우회전을 하여 도로를 진출하는 B차량과 차량 정체 등의 이유로 보도(인도)를 진행하는 A이륜차가 충돌한 사고이다.","⊙A이륜차는 차량 정체 등의 이유로 통행이 금지된 보도를 진행한 잘못이 크다고 할 것이나, B차량이 “도로가 아닌 장소”로 진입하기 위하여 보도와 보도 사이로 또는 보도를 횡단하 여 우회전 하는 경우로서 보도쪽을 살펴야 하는 점을 감안하여 양측의 기본 과실비율을 70:30으로 정하였다.","차61-2","NaN","① 이륜차는 법규를 위반하여 보도를 진행하고 있기 때문에 서행을 하고 있는 것을 전제로 하며, 만 약 이륜차의 속도가 서행의 정도를 넘어선다면 A이륜차의 과실을 가산할 수 있다. B차량도 보 도를 통과하므로 서행해야 하는데 서행의 정도를 넘어선다면 B차량의 과실을 가산할 수 있다. 제1장. 자동차와 보행자의 사고 제3장. 자동차와 자전거(농기계 포함)의 사고 목차","NaN","NaN"
142,"⊙도로에서 후행하여 직진하는 A이륜차와 도로 우측에 정차하여 좌(우)측 문을 개방한 B차량의 좌(우)측 문과 충돌한 사고이다.","⊙차량은 도로의 중앙을 기준으로 우측 부분에 정차하여야 하고 보도는 차량의 우측 문쪽에 설치되어 있기 때문에, 전방에 정차중인 B차량에서 탑승객이 내리는 경우 좌측문보다는 우측문이 개방될 가능성이 높다는 점을 감안할 때, B차량의 우측으로 진행하여 사고위험을 높인 A이륜차의 과실을 10% 높여서 양측의 기본 과실비율을 30:70으로 정하였다.","차61-3","NaN","① 차량의 우측 사이의 폭 또는 간격이 매우 좁아 통상 그곳을 통행하는 것이 예측하기 어려운 상태임에도 무리하게 주행한 경우 등은 중대한 과실로 보아 A이륜차의 과실을 20%까지 가산할 수 있다. 제1장. 자동차와 보행자의 사고 제3장. 자동차와 자전거(농기계 포함)의 사고 목차","NaN","NaN"
143,"⊙거1-1 신호기에 의해 교통정리가 이루어지고 있는 교차로에서 서로 다른 도로를 이용하여 녹색신호에 교차로에 진입하여 직진하는 A자전거와 적색신호에 교차로에 진입하여 직진 하는 B차량이 충돌한 사고이다. 제2장. 자동차와 자동차(이륜차 포함)의 사고 제1장. 자동차와 보행자의 사고 목차","NaN","거1-1","NaN","NaN","NaN","NaN"
144,"⊙거1-2 신호기에 의해 교통정리가 이루어지고 있는 교차로에서 서로 다른 도로를 이용하여 녹색신호에 교차로에 진입하여 직진하는 B차량과 적색신호에 교차로에 진입하여 직진 하는 A자전거가 충돌한 사고이다.","⊙거1-1 도로교통법 제5조에 따라 모든 차량에게 신호기의 신호에 따를 의무가 있으므로, 정상 적인 신호에 교차로에 진입한 A자전거는 신호를 무시하고 교차로에 진입하는 B차량에 대한 예견 및 회피 가능성이 극히 적으므로 신호위반을 한 B차량의 일방과실로 정한다. ⊙거1-2 A자전거가 적색신호에 진입하여 신호위반을 하였으므로 A자전거의 과실이 매우 중하다고 할 것이지만, 자전거는 통상 저속으로 운행하므로 B차량으로서는 이를 발견하여 사고의 발생을 회피할 수 있다는 점 및 자전거는 차량에 비하여 상대방에게 가해의 위험성 이 현저히 낮다는 점을 감안하여 A자전거의 과실을 약간 낮추어 양측의 기본 과실비율을 90:10으로 정하였다. 제2장. 자동차와 자동차(이륜차 포함)의 사고 제1장. 자동차와 보행자의 사고 목차","거1-2","NaN","NaN","NaN","NaN"
145,"NaN","NaN","거1-3","NaN","NaN","NaN","NaN"
146,"NaN","NaN","거1-4","NaN","NaN","NaN","NaN"
147,"⊙신호기에 의해 교통정리가 이루어지고 있는 교차로에서 서로 다른 도로를 이용하여 적색 신호에 교차로에 진입하여 직진하는 A자전거와 적색신호에 진입하여 직진하는 B차량이 충돌한 사고이다.","⊙도로교통법 제5조에 따라 모든 차량은 신호를 준수하여야 하므로, 양측 모두 적색신호에 교차로에 진입하여 신호위반을 하였으나, 자전거는 통상 저속으로 운행하므로 B차량으로 서는 이를 발견하여 사고의 발생을 회피할 수 있다는 점 및 자전거는 차량에 비하여 상대방 에게 가해의 위험성이 현저히 낮다는 점을 감안하여 양측의 기본 과실비율을 30:70으로 정하였다. 제2장. 자동차와 자동차(이륜차 포함)의 사고 제1장. 자동차와 보행자의 사고 목차","거1-5","NaN","NaN","NaN","NaN"
148,"NaN","NaN","거2-1","NaN","NaN","NaN","NaN"
149,"NaN","NaN","거2-2","NaN","NaN","NaN","NaN"
150,"NaN","NaN","거3-1","NaN","NaN","NaN","NaN"
151,"NaN","NaN","거3-2","NaN","NaN","NaN","NaN"
152,"NaN","NaN","거3-3","NaN","NaN","NaN","NaN"
153,"NaN","NaN","거3-4","NaN","NaN","NaN","NaN"
154,"NaN","NaN","거4-1","NaN","NaN","NaN","NaN"
155,"NaN","NaN","거4-2","NaN","NaN","NaN","NaN"
156,"NaN","NaN","거4-3","NaN","NaN","NaN","NaN"
157,"NaN","NaN","거4-4","NaN","NaN","NaN","NaN"
158,"NaN","NaN","거5-1","NaN","NaN","NaN","NaN"
159,"NaN","NaN","거5-2","NaN","NaN","NaN","NaN"
160,"NaN","NaN","거5-3","NaN","NaN","NaN","NaN"
161,"NaN","NaN","거5-4","NaN","NaN","NaN","NaN"
162,"NaN","NaN","거6-1","NaN","NaN","NaN","NaN"
163,"NaN","NaN","거6-2","NaN","NaN","NaN","NaN"
164,"NaN","NaN","거6-3","NaN","NaN","NaN","NaN"
165,"NaN","NaN","거6-4","NaN","NaN","NaN","NaN"
166,"NaN","NaN","거7-1","NaN","NaN","NaN","NaN"
167,"NaN","NaN","거7-2","NaN","NaN","NaN","NaN"
168,"NaN","NaN","거7-3","NaN","NaN","NaN","NaN"
169,"NaN","NaN","거7-4","NaN","NaN","NaN","NaN"
170,"NaN","NaN","거7-5","NaN","NaN","NaN","NaN"
171,"NaN","NaN","거7-6","NaN","NaN","NaN","NaN"
172,"NaN","NaN","거8-1","NaN","NaN","NaN","NaN"
173,"NaN","NaN","거8-2","NaN","NaN","NaN","NaN"
174,"NaN","NaN","거9-1","NaN","NaN","NaN","NaN"
175,"NaN","NaN","거9-2","NaN","NaN","NaN","NaN"
176,"NaN","NaN","거9-3","NaN","NaN","NaN","NaN"
177,"NaN","NaN","거9-4","NaN","NaN","NaN","NaN"
178,"NaN","NaN","거9-5","NaN","NaN","NaN","NaN"
179,"NaN","NaN","거9-6","NaN","NaN","NaN","NaN"
180,"NaN","NaN","거9-7","NaN","NaN","NaN","NaN"
181,"NaN","NaN","거9-8","NaN","NaN","NaN","NaN"
182,"NaN","NaN","거10-1","NaN","NaN","NaN","NaN"
183,"NaN","NaN","거10-2","NaN","NaN","NaN","NaN"
184,"NaN","NaN","거10-3","NaN","NaN","NaN","NaN"
185,"NaN","NaN","거10-4","NaN","NaN","NaN","NaN"
186,"⊙도로의 중앙 우측으로 정상 진행 중인 B차량과 같은 도로에서 역통행하여 마주오는 A자전 거가 충돌한 사고이다.","⊙도로교통법 제13조에 제3항에 따라 차량은 도로의 우측부분을 통행하여야 하는바, A자전 거가 이를 위반하여 역통행을 하였으므로 중대한 과실이 있으나, 자전거는 통상 저속으로 행하므로 B차량으로서는 이를 발견하여 사고의 발생을 회피할 수 있다는 점 및 자전거는 차량에 비하여 상대방에게 가해의 위험성이 현저히 낮다는 점을 감안하여 양측의 기본 과실비율을 60:40으로 정하였다. 제2장. 자동차와 자동차(이륜차 포함)의 사고 제1장. 자동차와 보행자의 사고 목차","거21-1","NaN","NaN","NaN","NaN"
187,"NaN","NaN","거31-1","NaN","NaN","NaN","NaN"
188,"NaN","NaN","거31-2","NaN","NaN","NaN","NaN"
189,"NaN","NaN","거32-1","NaN","NaN","NaN","NaN"
190,"NaN","NaN","거32-2","NaN","NaN","NaN","NaN"
191,"NaN","NaN","거33-1","NaN","NaN","NaN","NaN"
192,"NaN","NaN","거33-2","NaN","NaN","NaN","NaN"
193,"⊙도로에서 정상 진행 중인 B차량과 도로를 횡단하는 A자전거가 충돌한 사고이다.","⊙자전거 운전자가 도로를 횡단하고자 할 경우에는 자전거에서 내려서 횡단보도를 이용하거나 (이 경우 보행자로 취급됨) 탑승한 채로 자전거횡단도를 이용하여야 한다. 따라서 자전거의 도로 횡단행위는 도로교통법 제18조 제1항에 반하는 행위이지만, 자전거는 저속이라는 점 및 자동차가 자전거를 발견하고 회피할 수 있었다는 점 등을 감안하여 양측의 기본과실을 40:60으로 정하였다.","거41-1","NaN","① 도로가 2차로 이상인 경우 자전거의 무단횡단으로 인한 사고의 위험이 가중되므로 A자전 제2장. 자동차와 자동차(이륜차 포함)의 사고 제1장. 자동차와 보행자의 사고 목차","NaN","NaN"
194,"⊙자전거횡단도를 횡단하는 A자전거와 직진하여 자전거횡단도를 통과하는 B차량이 충돌한 사고이다.","⊙자전거는 도로교통법 제15조의 2 및 동법 시행규칙 [별표2]에 따라 자전거 횡단도에 자전거 통행신호등이 설치된 경우에는 그 신호, 자전거 통행신호등이 없는 경우에는 보행신호 등에 따라 횡단하여야 하는바, A자전거가 자전거횡단도를 이용하여 횡단하다가 직진 중인 B차량과 충돌한 것이므로 B차량의 일방과실로 정하였다. 제2장. 자동차와 자동차(이륜차 포함)의 사고 제1장. 자동차와 보행자의 사고 목차","거42-1","NaN","NaN","NaN","NaN"
195,"NaN","NaN","거43-1","NaN","NaN","NaN","NaN"
196,"NaN","NaN","거43-2","NaN","NaN","NaN","NaN"
197,"NaN","NaN","거43-3","NaN","NaN","NaN","NaN"
